{"loss": 0.006664457265287638, "mae": 0.05910950526595116, "mse": 0.006664457265287638, "val_loss": 0.0009828917682170868, "val_mae": 0.023490391671657562, "val_mse": 0.0009828917682170868}