{"loss": 0.009336113929748535, "mae": 0.07011988759040833, "mse": 0.009336113929748535, "val_loss": 0.0023107489105314016, "val_mae": 0.03683045879006386, "val_mse": 0.0023107489105314016}