{"loss": 0.007552824914455414, "mae": 0.06332944333553314, "mse": 0.007552824914455414, "val_loss": 0.0016375244595110416, "val_mae": 0.03025393933057785, "val_mse": 0.0016375244595110416}