{"loss": 0.00604731822386384, "mae": 0.05632927268743515, "mse": 0.00604731822386384, "val_loss": 0.0006588594987988472, "val_mae": 0.01925310492515564, "val_mse": 0.0006588594987988472}