{"loss": 0.005995773710310459, "mae": 0.05598397180438042, "mse": 0.005995773710310459, "val_loss": 0.0007517439662478864, "val_mae": 0.020988183096051216, "val_mse": 0.0007517439662478864}