{"loss": 0.0065879905596375465, "mae": 0.0587918795645237, "mse": 0.0065879905596375465, "val_loss": 0.000947306863963604, "val_mae": 0.023043585941195488, "val_mse": 0.000947306863963604}