{"loss": 0.007404228672385216, "mae": 0.06257160007953644, "mse": 0.007404228672385216, "val_loss": 0.0015237235929816961, "val_mae": 0.028931012377142906, "val_mse": 0.0015237235929816961}