{"loss": 0.0064238328486680984, "mae": 0.05801837518811226, "mse": 0.0064238328486680984, "val_loss": 0.0009086052305065095, "val_mae": 0.02257758565247059, "val_mse": 0.0009086052305065095}