{"loss": 0.00613698223605752, "mae": 0.056741051375865936, "mse": 0.00613698223605752, "val_loss": 0.0008376945625059307, "val_mae": 0.022240446880459785, "val_mse": 0.0008376945625059307}