{"loss": 0.006130358204245567, "mae": 0.056656256318092346, "mse": 0.006130358204245567, "val_loss": 0.0008355272002518177, "val_mae": 0.021338367834687233, "val_mse": 0.0008355272002518177}