{"loss": 0.006333554163575172, "mae": 0.057641126215457916, "mse": 0.006333554163575172, "val_loss": 0.0008333862642757595, "val_mae": 0.021244850009679794, "val_mse": 0.0008333862642757595}