{"loss": 0.006293002050369978, "mae": 0.05740924924612045, "mse": 0.006293002050369978, "val_loss": 0.0009190690470859408, "val_mae": 0.023012198507785797, "val_mse": 0.0009190690470859408}