{"loss": 0.006225012708455324, "mae": 0.05708817020058632, "mse": 0.006225012708455324, "val_loss": 0.0008033184567466378, "val_mae": 0.021038731560111046, "val_mse": 0.0008033184567466378}