{"loss": 0.006334040313959122, "mae": 0.05774886906147003, "mse": 0.006334040313959122, "val_loss": 0.0009549761889502406, "val_mae": 0.02289845049381256, "val_mse": 0.0009549761889502406}