{"loss": 0.0060214148834347725, "mae": 0.056061774492263794, "mse": 0.0060214148834347725, "val_loss": 0.0006702312966808677, "val_mae": 0.019358886405825615, "val_mse": 0.0006702312966808677}