{"loss": 0.006318989209830761, "mae": 0.05752909183502197, "mse": 0.006318989209830761, "val_loss": 0.0009429652127437294, "val_mae": 0.022685496136546135, "val_mse": 0.0009429652127437294}