{"loss": 0.006349413190037012, "mae": 0.057570990175008774, "mse": 0.006349413190037012, "val_loss": 0.0009129707468673587, "val_mae": 0.02295944280922413, "val_mse": 0.0009129707468673587}