{"loss": 0.0063850898295640945, "mae": 0.057852115482091904, "mse": 0.0063850898295640945, "val_loss": 0.0008466774015687406, "val_mae": 0.02154744230210781, "val_mse": 0.0008466774015687406}