{"loss": 0.006235713604837656, "mae": 0.05709799379110336, "mse": 0.006235713604837656, "val_loss": 0.0009817145764827728, "val_mae": 0.022845376282930374, "val_mse": 0.0009817145764827728}