{"loss": 0.006057204678654671, "mae": 0.056319355964660645, "mse": 0.006057204678654671, "val_loss": 0.0007990422309376299, "val_mae": 0.022220201790332794, "val_mse": 0.0007990422309376299}