{"loss": 0.0065288906916975975, "mae": 0.05831299349665642, "mse": 0.0065288906916975975, "val_loss": 0.0009162468486465514, "val_mae": 0.02251330018043518, "val_mse": 0.0009162468486465514}