{"loss": 0.008439482189714909, "mae": 0.06684008985757828, "mse": 0.008439482189714909, "val_loss": 0.001599075854755938, "val_mae": 0.02972322143614292, "val_mse": 0.001599075854755938}