{"loss": 0.0059876879677176476, "mae": 0.05584808439016342, "mse": 0.0059876879677176476, "val_loss": 0.0007646434823982418, "val_mae": 0.02116689644753933, "val_mse": 0.0007646434823982418}