{"loss": 0.006081186234951019, "mae": 0.056414153426885605, "mse": 0.006081186234951019, "val_loss": 0.000770099984947592, "val_mae": 0.021178795024752617, "val_mse": 0.000770099984947592}