{"loss": 0.006020544562488794, "mae": 0.05616871267557144, "mse": 0.006020544562488794, "val_loss": 0.000863877939991653, "val_mae": 0.02237420529127121, "val_mse": 0.000863877939991653}