{"loss": 0.006115995813161135, "mae": 0.05674229934811592, "mse": 0.006115995813161135, "val_loss": 0.0007406881195493042, "val_mae": 0.019563958048820496, "val_mse": 0.0007406881195493042}