{"loss": 0.006593634374439716, "mae": 0.058774009346961975, "mse": 0.006593634374439716, "val_loss": 0.0010337994899600744, "val_mae": 0.024542691186070442, "val_mse": 0.0010337994899600744}