{"loss": 0.006132884416729212, "mae": 0.05655399337410927, "mse": 0.006132884416729212, "val_loss": 0.0007744179456494749, "val_mae": 0.02082778885960579, "val_mse": 0.0007744179456494749}