{"loss": 0.006090590264648199, "mae": 0.056340329349040985, "mse": 0.006090590264648199, "val_loss": 0.0007623361307196319, "val_mae": 0.02093505673110485, "val_mse": 0.0007623361307196319}