{"loss": 0.0060389693826437, "mae": 0.05615167319774628, "mse": 0.0060389693826437, "val_loss": 0.0007496136822737753, "val_mae": 0.020376699045300484, "val_mse": 0.0007496136822737753}