{"loss": 0.006195233669131994, "mae": 0.05687243491411209, "mse": 0.006195233669131994, "val_loss": 0.0007422807975672185, "val_mae": 0.020334621891379356, "val_mse": 0.0007422807975672185}