{"loss": 0.006163925398141146, "mae": 0.056624483317136765, "mse": 0.006163925398141146, "val_loss": 0.0007803324260748923, "val_mae": 0.020403120666742325, "val_mse": 0.0007803324260748923}