{"loss": 0.006317371968179941, "mae": 0.057463452219963074, "mse": 0.006317371968179941, "val_loss": 0.000870493589900434, "val_mae": 0.02172406204044819, "val_mse": 0.000870493589900434}