{"loss": 0.006295702885836363, "mae": 0.05732971429824829, "mse": 0.006295702885836363, "val_loss": 0.0008796266047284007, "val_mae": 0.02244974859058857, "val_mse": 0.0008796266047284007}