{"loss": 0.006699739955365658, "mae": 0.05954127013683319, "mse": 0.006699739955365658, "val_loss": 0.001246894709765911, "val_mae": 0.026812687516212463, "val_mse": 0.001246894709765911}