{"loss": 0.007079404313117266, "mae": 0.06106855720281601, "mse": 0.007079404313117266, "val_loss": 0.0011752573773264885, "val_mae": 0.0255158469080925, "val_mse": 0.0011752573773264885}