{"loss": 0.0068788374774158, "mae": 0.05991090089082718, "mse": 0.0068788374774158, "val_loss": 0.0012818537652492523, "val_mae": 0.02709425985813141, "val_mse": 0.0012818537652492523}