{"loss": 0.007845701649785042, "mae": 0.06443831324577332, "mse": 0.007845701649785042, "val_loss": 0.0013497814070433378, "val_mae": 0.026725661009550095, "val_mse": 0.0013497814070433378}