{"loss": 0.006070176605135202, "mae": 0.056190360337495804, "mse": 0.006070176605135202, "val_loss": 0.0007996727363206446, "val_mae": 0.02163616567850113, "val_mse": 0.0007996727363206446}