{"loss": 0.006664185784757137, "mae": 0.05923917889595032, "mse": 0.006664185784757137, "val_loss": 0.0009647342376410961, "val_mae": 0.0231718011200428, "val_mse": 0.0009647342376410961}