{"loss": 0.011594967916607857, "mae": 0.07834160327911377, "mse": 0.011594967916607857, "val_loss": 0.0027937544509768486, "val_mae": 0.03904685005545616, "val_mse": 0.0027937544509768486}