{"loss": 0.0061305793933570385, "mae": 0.056503523141145706, "mse": 0.0061305793933570385, "val_loss": 0.0006241691298782825, "val_mae": 0.017895705997943878, "val_mse": 0.0006241691298782825}