{"loss": 0.006175270304083824, "mae": 0.056938569992780685, "mse": 0.006175270304083824, "val_loss": 0.0007104608812369406, "val_mae": 0.019414175301790237, "val_mse": 0.0007104608812369406}