{"loss": 0.0069416603073477745, "mae": 0.06054909527301788, "mse": 0.0069416603073477745, "val_loss": 0.001194997108541429, "val_mae": 0.025697359815239906, "val_mse": 0.001194997108541429}