{"loss": 0.007103105541318655, "mae": 0.06143195182085037, "mse": 0.007103105541318655, "val_loss": 0.0012782835401594639, "val_mae": 0.026951920241117477, "val_mse": 0.0012782835401594639}