{"loss": 0.006507706828415394, "mae": 0.058349378407001495, "mse": 0.006507706828415394, "val_loss": 0.001007764250971377, "val_mae": 0.023511597886681557, "val_mse": 0.001007764250971377}