{"loss": 0.03743103891611099, "mae": 0.13442452251911163, "mse": 0.03743103891611099, "val_loss": 0.005568245425820351, "val_mae": 0.05247534066438675, "val_mse": 0.005568245425820351}