{"loss": 0.05904116481542587, "mae": 0.18199415504932404, "mse": 0.05904116481542587, "val_loss": 0.020086893811821938, "val_mae": 0.1117863729596138, "val_mse": 0.020086893811821938}