{"loss": 0.05690304934978485, "mae": 0.1784822642803192, "mse": 0.05690304934978485, "val_loss": 0.016348782926797867, "val_mae": 0.10091470181941986, "val_mse": 0.016348782926797867}