{"loss": 0.005942178424447775, "mae": 0.055625069886446, "mse": 0.005942178424447775, "val_loss": 0.0006078953738324344, "val_mae": 0.0188580472022295, "val_mse": 0.0006078953738324344}