{"loss": 0.0074301003478467464, "mae": 0.06218431144952774, "mse": 0.0074301003478467464, "val_loss": 0.0011120253475382924, "val_mae": 0.025456171482801437, "val_mse": 0.0011120253475382924}