{"loss": 0.00593695929273963, "mae": 0.05565962195396423, "mse": 0.00593695929273963, "val_loss": 0.0008363656816072762, "val_mae": 0.0230249036103487, "val_mse": 0.0008363656816072762}