{"loss": 0.005996499676257372, "mae": 0.055895283818244934, "mse": 0.005996499676257372, "val_loss": 0.0006431242800317705, "val_mae": 0.01932370290160179, "val_mse": 0.0006431242800317705}