{"loss": 0.04389147087931633, "mae": 0.14746615290641785, "mse": 0.04389147087931633, "val_loss": 0.005930793471634388, "val_mae": 0.05208081379532814, "val_mse": 0.005930793471634388}