{"loss": 0.006116041913628578, "mae": 0.05648829787969589, "mse": 0.006116041913628578, "val_loss": 0.0006710413726978004, "val_mae": 0.019385285675525665, "val_mse": 0.0006710413726978004}