{"loss": 0.0064567080698907375, "mae": 0.057762790471315384, "mse": 0.0064567080698907375, "val_loss": 0.0007996882777661085, "val_mae": 0.02175081893801689, "val_mse": 0.0007996882777661085}