{"loss": 0.0057836733758449554, "mae": 0.054787229746580124, "mse": 0.0057836733758449554, "val_loss": 0.0005901153199374676, "val_mae": 0.0185441542416811, "val_mse": 0.0005901153199374676}