{"loss": 0.005866568069905043, "mae": 0.0552104152739048, "mse": 0.005866568069905043, "val_loss": 0.0005884594283998013, "val_mae": 0.01851765438914299, "val_mse": 0.0005884594283998013}