{"loss": 0.005919215269386768, "mae": 0.05541885271668434, "mse": 0.005919215269386768, "val_loss": 0.0006043255561962724, "val_mae": 0.01868152990937233, "val_mse": 0.0006043255561962724}