{"loss": 0.007209726609289646, "mae": 0.0610555000603199, "mse": 0.007209726609289646, "val_loss": 0.0012145352084189653, "val_mae": 0.026535572484135628, "val_mse": 0.0012145352084189653}