{"loss": 0.005781339947134256, "mae": 0.054837100207805634, "mse": 0.005781339947134256, "val_loss": 0.0005206675850786269, "val_mae": 0.016884470358490944, "val_mse": 0.0005206675850786269}