{"loss": 0.005946001969277859, "mae": 0.055454108864068985, "mse": 0.005946001969277859, "val_loss": 0.0006289925659075379, "val_mae": 0.018815040588378906, "val_mse": 0.0006289925659075379}