{"loss": 0.006202072836458683, "mae": 0.05690677464008331, "mse": 0.006202072836458683, "val_loss": 0.0007000929326750338, "val_mae": 0.020029492676258087, "val_mse": 0.0007000929326750338}