{"loss": 0.006825619842857122, "mae": 0.05936381593346596, "mse": 0.006825619842857122, "val_loss": 0.0008384200627915561, "val_mae": 0.022136883810162544, "val_mse": 0.0008384200627915561}