{"loss": 0.00596883287653327, "mae": 0.05573074519634247, "mse": 0.00596883287653327, "val_loss": 0.0006601858767680824, "val_mae": 0.019682979211211205, "val_mse": 0.0006601858767680824}