{"loss": 0.009088153950870037, "mae": 0.06930675357580185, "mse": 0.009088153950870037, "val_loss": 0.0018198589095845819, "val_mae": 0.031805481761693954, "val_mse": 0.0018198589095845819}