{"loss": 0.006051831413060427, "mae": 0.05604628846049309, "mse": 0.006051831413060427, "val_loss": 0.0006820494891144335, "val_mae": 0.020075585693120956, "val_mse": 0.0006820494891144335}