{"loss": 0.006071760319173336, "mae": 0.0562189556658268, "mse": 0.006071760319173336, "val_loss": 0.0007874946459196508, "val_mae": 0.021247297525405884, "val_mse": 0.0007874946459196508}