{"loss": 0.006975413765758276, "mae": 0.0599689818918705, "mse": 0.006975413765758276, "val_loss": 0.0009020281722769141, "val_mae": 0.022522244602441788, "val_mse": 0.0009020281722769141}