{"loss": 0.00581312645226717, "mae": 0.054861243814229965, "mse": 0.00581312645226717, "val_loss": 0.0004951259470544755, "val_mae": 0.016427893191576004, "val_mse": 0.0004951259470544755}