{"loss": 0.006011745892465115, "mae": 0.05595526099205017, "mse": 0.006011745892465115, "val_loss": 0.000677578616887331, "val_mae": 0.01997789554297924, "val_mse": 0.000677578616887331}