{"loss": 0.005818868987262249, "mae": 0.054973702877759933, "mse": 0.005818868987262249, "val_loss": 0.0005743831279687583, "val_mae": 0.01830933801829815, "val_mse": 0.0005743831279687583}