{"loss": 0.0058291819877922535, "mae": 0.05499965697526932, "mse": 0.0058291819877922535, "val_loss": 0.0006212571752257645, "val_mae": 0.018889864906668663, "val_mse": 0.0006212571752257645}