{"loss": 0.006841676309704781, "mae": 0.059569936245679855, "mse": 0.006841676309704781, "val_loss": 0.0009163770591840148, "val_mae": 0.022488417103886604, "val_mse": 0.0009163770591840148}