{"loss": 0.0060203480534255505, "mae": 0.05592847242951393, "mse": 0.0060203480534255505, "val_loss": 0.0006284297560341656, "val_mae": 0.018914740532636642, "val_mse": 0.0006284297560341656}