{"loss": 0.005804084707051516, "mae": 0.05484216660261154, "mse": 0.005804084707051516, "val_loss": 0.0005271760746836662, "val_mae": 0.017543679103255272, "val_mse": 0.0005271760746836662}