{"loss": 0.007419088389724493, "mae": 0.06191984564065933, "mse": 0.007419088389724493, "val_loss": 0.0011052575428038836, "val_mae": 0.024971939623355865, "val_mse": 0.0011052575428038836}