{"loss": 0.01023263018578291, "mae": 0.07359366863965988, "mse": 0.01023263018578291, "val_loss": 0.0023267592769116163, "val_mae": 0.03472873568534851, "val_mse": 0.0023267592769116163}