{"loss": 0.006295790430158377, "mae": 0.057254061102867126, "mse": 0.006295790430158377, "val_loss": 0.0007811514660716057, "val_mae": 0.021268706768751144, "val_mse": 0.0007811514660716057}