{"loss": 0.007114939391613007, "mae": 0.06059476360678673, "mse": 0.007114939391613007, "val_loss": 0.000978413037955761, "val_mae": 0.023844417184591293, "val_mse": 0.000978413037955761}