{"loss": 0.005808236077427864, "mae": 0.05482888221740723, "mse": 0.005808236077427864, "val_loss": 0.0005848301225341856, "val_mae": 0.018269507214426994, "val_mse": 0.0005848301225341856}