{"loss": 0.0057448651641607285, "mae": 0.054759565740823746, "mse": 0.0057448651641607285, "val_loss": 0.00047512692981399596, "val_mae": 0.015831060707569122, "val_mse": 0.00047512692981399596}