{"loss": 0.005905683618038893, "mae": 0.05532464012503624, "mse": 0.005905683618038893, "val_loss": 0.000573536497540772, "val_mae": 0.01827729120850563, "val_mse": 0.000573536497540772}