{"loss": 0.005977438762784004, "mae": 0.05568036064505577, "mse": 0.005977438762784004, "val_loss": 0.0007601958932355046, "val_mae": 0.019422510638833046, "val_mse": 0.0007601958932355046}