{"loss": 0.005788807291537523, "mae": 0.05487758666276932, "mse": 0.005788807291537523, "val_loss": 0.0005833863979205489, "val_mae": 0.018726347014307976, "val_mse": 0.0005833863979205489}