{"loss": 0.007620226126164198, "mae": 0.0629521906375885, "mse": 0.007620226126164198, "val_loss": 0.0013045150553807616, "val_mae": 0.027508778497576714, "val_mse": 0.0013045150553807616}