{"loss": 0.005897875409573317, "mae": 0.05521471053361893, "mse": 0.005897875409573317, "val_loss": 0.0005891635082662106, "val_mae": 0.01885323040187359, "val_mse": 0.0005891635082662106}