{"loss": 0.0061350069008767605, "mae": 0.05657497048377991, "mse": 0.0061350069008767605, "val_loss": 0.0007315297261811793, "val_mae": 0.02024220861494541, "val_mse": 0.0007315297261811793}