{"loss": 0.005781026557087898, "mae": 0.05486730486154556, "mse": 0.005781026557087898, "val_loss": 0.0006240583024919033, "val_mae": 0.018215326592326164, "val_mse": 0.0006240583024919033}