{"loss": 0.006265280768275261, "mae": 0.057133134454488754, "mse": 0.006265280768275261, "val_loss": 0.0008448016596958041, "val_mae": 0.022690623998641968, "val_mse": 0.0008448016596958041}