{"loss": 0.008241204544901848, "mae": 0.06557664275169373, "mse": 0.008241204544901848, "val_loss": 0.0013647464802488685, "val_mae": 0.02795528806746006, "val_mse": 0.0013647464802488685}