{"loss": 0.00592625979334116, "mae": 0.05546271800994873, "mse": 0.00592625979334116, "val_loss": 0.0005933320499025285, "val_mae": 0.01858523301780224, "val_mse": 0.0005933320499025285}