{"loss": 0.006128275766968727, "mae": 0.056558165699243546, "mse": 0.006128275766968727, "val_loss": 0.0008793325978331268, "val_mae": 0.020195499062538147, "val_mse": 0.0008793325978331268}