{"loss": 0.00589135242626071, "mae": 0.055230747908353806, "mse": 0.00589135242626071, "val_loss": 0.0005846438580192626, "val_mae": 0.018629932776093483, "val_mse": 0.0005846438580192626}