{"loss": 0.006130205933004618, "mae": 0.05654117465019226, "mse": 0.006130205933004618, "val_loss": 0.0006900206790305674, "val_mae": 0.020107537508010864, "val_mse": 0.0006900206790305674}