{"loss": 0.005888788029551506, "mae": 0.05524871125817299, "mse": 0.005888788029551506, "val_loss": 0.0005485850269906223, "val_mae": 0.017345000058412552, "val_mse": 0.0005485850269906223}