{"loss": 0.0058936625719070435, "mae": 0.05533905327320099, "mse": 0.0058936625719070435, "val_loss": 0.0005832113092765212, "val_mae": 0.01882648654282093, "val_mse": 0.0005832113092765212}