{"loss": 0.005822084378451109, "mae": 0.054744187742471695, "mse": 0.005822084378451109, "val_loss": 0.0005518789403140545, "val_mae": 0.018247226253151894, "val_mse": 0.0005518789403140545}