{"loss": 0.005849336739629507, "mae": 0.05508967489004135, "mse": 0.005849336739629507, "val_loss": 0.0006449579959735274, "val_mae": 0.019776737317442894, "val_mse": 0.0006449579959735274}