{"loss": 0.005867691244930029, "mae": 0.0551312230527401, "mse": 0.005867691244930029, "val_loss": 0.0011442749528214335, "val_mae": 0.019269553944468498, "val_mse": 0.0011442749528214335}