{"loss": 0.00788882002234459, "mae": 0.06412418186664581, "mse": 0.00788882002234459, "val_loss": 0.0012430641800165176, "val_mae": 0.02691277489066124, "val_mse": 0.0012430641800165176}