{"loss": 0.007033100351691246, "mae": 0.06020967662334442, "mse": 0.007033100351691246, "val_loss": 0.0009880573488771915, "val_mae": 0.024147879332304, "val_mse": 0.0009880573488771915}