{"loss": 0.005883554928004742, "mae": 0.05516965314745903, "mse": 0.005883554928004742, "val_loss": 0.000588280672673136, "val_mae": 0.01881997659802437, "val_mse": 0.000588280672673136}