{"loss": 0.013227111659944057, "mae": 0.0837717056274414, "mse": 0.013227111659944057, "val_loss": 0.0029093355406075716, "val_mae": 0.0387469120323658, "val_mse": 0.0029093355406075716}