{"loss": 0.006112536881119013, "mae": 0.05646804720163345, "mse": 0.006112536881119013, "val_loss": 0.0006989322137087584, "val_mae": 0.01858513243496418, "val_mse": 0.0006989322137087584}