{"loss": 0.006833316758275032, "mae": 0.05926385521888733, "mse": 0.006833316758275032, "val_loss": 0.0011702609481289983, "val_mae": 0.026783650740981102, "val_mse": 0.0011702609481289983}