{"loss": 0.006883587688207626, "mae": 0.059667374938726425, "mse": 0.006883587688207626, "val_loss": 0.0008687874069437385, "val_mae": 0.02220008336007595, "val_mse": 0.0008687874069437385}