{"loss": 0.005851950962096453, "mae": 0.05511315539479256, "mse": 0.005851950962096453, "val_loss": 0.000577946484554559, "val_mae": 0.018173513934016228, "val_mse": 0.000577946484554559}