{"loss": 0.005825473926961422, "mae": 0.054932285100221634, "mse": 0.005825473926961422, "val_loss": 0.0005113830557093024, "val_mae": 0.016595175489783287, "val_mse": 0.0005113830557093024}