{"loss": 0.006127341650426388, "mae": 0.056660402566194534, "mse": 0.006127341650426388, "val_loss": 0.0007571856840513647, "val_mae": 0.02096734382212162, "val_mse": 0.0007571856840513647}