{"loss": 0.006166892591863871, "mae": 0.05672799423336983, "mse": 0.006166892591863871, "val_loss": 0.0007069745333865285, "val_mae": 0.019954634830355644, "val_mse": 0.0007069745333865285}