{"loss": 0.005998558830469847, "mae": 0.0559237003326416, "mse": 0.005998558830469847, "val_loss": 0.00072477973299101, "val_mae": 0.020922167226672173, "val_mse": 0.00072477973299101}