{"loss": 0.005932659842073917, "mae": 0.05552450940012932, "mse": 0.005932659842073917, "val_loss": 0.0006340827094390988, "val_mae": 0.01879715733230114, "val_mse": 0.0006340827094390988}