{"loss": 0.0058101750910282135, "mae": 0.05491551011800766, "mse": 0.0058101750910282135, "val_loss": 0.0005503714783117175, "val_mae": 0.017996933311223984, "val_mse": 0.0005503714783117175}