{"loss": 0.005878570955246687, "mae": 0.05528763681650162, "mse": 0.005878570955246687, "val_loss": 0.0006798404501751065, "val_mae": 0.019856346771121025, "val_mse": 0.0006798404501751065}