{"loss": 0.006013575941324234, "mae": 0.05573685094714165, "mse": 0.006013575941324234, "val_loss": 0.0006346742738969624, "val_mae": 0.019158408045768738, "val_mse": 0.0006346742738969624}