{"loss": 0.008559668436646461, "mae": 0.0669340193271637, "mse": 0.008559668436646461, "val_loss": 0.0015522619942203164, "val_mae": 0.028447741642594337, "val_mse": 0.0015522619942203164}