{"loss": 0.006988233420997858, "mae": 0.0600791871547699, "mse": 0.006988233420997858, "val_loss": 0.0009568251552991569, "val_mae": 0.02345079742372036, "val_mse": 0.0009568251552991569}