{"loss": 0.0072428504936397076, "mae": 0.06123390048742294, "mse": 0.0072428504936397076, "val_loss": 0.0009848324116319418, "val_mae": 0.02251458168029785, "val_mse": 0.0009848324116319418}