{"loss": 0.005819444078952074, "mae": 0.05494745820760727, "mse": 0.005819444078952074, "val_loss": 0.0004983400576747954, "val_mae": 0.016910286620259285, "val_mse": 0.0004983400576747954}