{"loss": 0.007311925757676363, "mae": 0.06141097471117973, "mse": 0.007311925757676363, "val_loss": 0.0011987707111984491, "val_mae": 0.026567725464701653, "val_mse": 0.0011987707111984491}