{"loss": 0.005871540401130915, "mae": 0.05517781153321266, "mse": 0.005871540401130915, "val_loss": 0.0005346023826859891, "val_mae": 0.017432408407330513, "val_mse": 0.0005346023826859891}