{"loss": 0.005897847004234791, "mae": 0.05532955750823021, "mse": 0.005897847004234791, "val_loss": 0.0006169377011246979, "val_mae": 0.019040793180465698, "val_mse": 0.0006169377011246979}