{"loss": 0.006079389248043299, "mae": 0.05623961612582207, "mse": 0.006079389248043299, "val_loss": 0.000661483674775809, "val_mae": 0.01975296065211296, "val_mse": 0.000661483674775809}