{"loss": 0.006014927756041288, "mae": 0.055875878781080246, "mse": 0.006014927756041288, "val_loss": 0.0006335677462629974, "val_mae": 0.019365889951586723, "val_mse": 0.0006335677462629974}