{"loss": 0.00581376301124692, "mae": 0.05474323406815529, "mse": 0.00581376301124692, "val_loss": 0.0005896601942367852, "val_mae": 0.018836257979273796, "val_mse": 0.0005896601942367852}