{"loss": 0.007820607163012028, "mae": 0.06387573480606079, "mse": 0.007820607163012028, "val_loss": 0.0011724901851266623, "val_mae": 0.02563740499317646, "val_mse": 0.0011724901851266623}