{"loss": 0.005982661619782448, "mae": 0.055659618228673935, "mse": 0.005982661619782448, "val_loss": 0.0005657337605953217, "val_mae": 0.01755203679203987, "val_mse": 0.0005657337605953217}