{"loss": 0.006752426270395517, "mae": 0.059065088629722595, "mse": 0.006752426270395517, "val_loss": 0.0010092410957440734, "val_mae": 0.024550911039114, "val_mse": 0.0010092410957440734}