{"loss": 0.04708234220743179, "mae": 0.16059912741184235, "mse": 0.04708234220743179, "val_loss": 0.012268736958503723, "val_mae": 0.08900261670351028, "val_mse": 0.012268736958503723}