{"loss": 0.05685996264219284, "mae": 0.1801474690437317, "mse": 0.05685996264219284, "val_loss": 0.01751965470612049, "val_mae": 0.10611323267221451, "val_mse": 0.01751965470612049}