{"loss": 0.059064868837594986, "mae": 0.18402688205242157, "mse": 0.059064868837594986, "val_loss": 0.019298551604151726, "val_mae": 0.1117701381444931, "val_mse": 0.019298551604151726}