{"loss": 0.06207277625799179, "mae": 0.18907567858695984, "mse": 0.06207277625799179, "val_loss": 0.01634804718196392, "val_mae": 0.10063735395669937, "val_mse": 0.01634804718196392}