{"loss": 0.06547665596008301, "mae": 0.19483081996440887, "mse": 0.06547665596008301, "val_loss": 0.02912791073322296, "val_mae": 0.13602162897586823, "val_mse": 0.02912791073322296}