{"loss": 0.04959305375814438, "mae": 0.166347473859787, "mse": 0.04959305375814438, "val_loss": 0.01271578948944807, "val_mae": 0.08901818841695786, "val_mse": 0.01271578948944807}