{"loss": 0.16204901039600372, "mae": 0.3265417814254761, "mse": 0.16204901039600372, "val_loss": 0.09824774414300919, "val_mae": 0.2587411403656006, "val_mse": 0.09824774414300919}