{"loss": 0.046634603291749954, "mae": 0.15968917310237885, "mse": 0.046634603291749954, "val_loss": 0.012910213321447372, "val_mae": 0.09260986000299454, "val_mse": 0.012910213321447372}