{"loss": 0.04850674048066139, "mae": 0.16373290121555328, "mse": 0.04850674048066139, "val_loss": 0.012080558575689793, "val_mae": 0.087580606341362, "val_mse": 0.012080558575689793}