{"loss": 0.07845918834209442, "mae": 0.215792715549469, "mse": 0.07845918834209442, "val_loss": 0.03309595584869385, "val_mae": 0.14523746073246002, "val_mse": 0.03309595584869385}