{"loss": 0.054831381887197495, "mae": 0.17649024724960327, "mse": 0.054831381887197495, "val_loss": 0.018126148730516434, "val_mae": 0.10634078830480576, "val_mse": 0.018126148730516434}