{"loss": 0.09047289937734604, "mae": 0.2338910698890686, "mse": 0.09047289937734604, "val_loss": 0.040449514985084534, "val_mae": 0.1624927967786789, "val_mse": 0.040449514985084534}