{"loss": 0.05119892209768295, "mae": 0.1694531887769699, "mse": 0.05119892209768295, "val_loss": 0.011609046719968319, "val_mae": 0.08544701337814331, "val_mse": 0.011609046719968319}