{"loss": 0.04788194224238396, "mae": 0.16210071742534637, "mse": 0.04788194224238396, "val_loss": 0.010834370739758015, "val_mae": 0.08311253786087036, "val_mse": 0.010834370739758015}