{"loss": 0.0710500031709671, "mae": 0.20380799472332, "mse": 0.0710500031709671, "val_loss": 0.02788500487804413, "val_mae": 0.13485002517700195, "val_mse": 0.02788500487804413}