{"loss": 0.05051220580935478, "mae": 0.16781140863895416, "mse": 0.05051220580935478, "val_loss": 0.012466156855225563, "val_mae": 0.08885981142520905, "val_mse": 0.012466156855225563}