{"loss": 0.052760299295186996, "mae": 0.17238348722457886, "mse": 0.052760299295186996, "val_loss": 0.015173634514212608, "val_mae": 0.09794476628303528, "val_mse": 0.015173634514212608}