{"loss": 0.0460350327193737, "mae": 0.15851116180419922, "mse": 0.0460350327193737, "val_loss": 0.011130915023386478, "val_mae": 0.08592952787876129, "val_mse": 0.011130915023386478}