{"loss": 0.04783853143453598, "mae": 0.16240768134593964, "mse": 0.04783853143453598, "val_loss": 0.01154190395027399, "val_mae": 0.0870082676410675, "val_mse": 0.01154190395027399}