{"loss": 0.0489034503698349, "mae": 0.16479314863681793, "mse": 0.0489034503698349, "val_loss": 0.013185171410441399, "val_mae": 0.09150685369968414, "val_mse": 0.013185171410441399}