{"loss": 0.11095491051673889, "mae": 0.2629604935646057, "mse": 0.11095491051673889, "val_loss": 0.05866726115345955, "val_mae": 0.19740308821201324, "val_mse": 0.05866726115345955}