{"loss": 0.04598263278603554, "mae": 0.15830111503601074, "mse": 0.04598263278603554, "val_loss": 0.01213923655450344, "val_mae": 0.08891407400369644, "val_mse": 0.01213923655450344}