{"loss": 0.05345848202705383, "mae": 0.17387177050113678, "mse": 0.05345848202705383, "val_loss": 0.014401590451598167, "val_mae": 0.09613506495952606, "val_mse": 0.014401590451598167}