{"loss": 0.04695742204785347, "mae": 0.16055910289287567, "mse": 0.04695742204785347, "val_loss": 0.012859192676842213, "val_mae": 0.09246311336755753, "val_mse": 0.012859192676842213}