{"loss": 0.03374306112527847, "mae": 0.13291144371032715, "mse": 0.03374306112527847, "val_loss": 0.011753883212804794, "val_mae": 0.07547539472579956, "val_mse": 0.011753883212804794}