{"loss": 0.031394828110933304, "mae": 0.12772518396377563, "mse": 0.031394828110933304, "val_loss": 0.010211843997240067, "val_mae": 0.07736406475305557, "val_mse": 0.010211843997240067}