{"loss": 0.03287095949053764, "mae": 0.1311120092868805, "mse": 0.03287095949053764, "val_loss": 0.012841052375733852, "val_mae": 0.08200758695602417, "val_mse": 0.012841052375733852}