{"loss": 0.0308932363986969, "mae": 0.1270839273929596, "mse": 0.0308932363986969, "val_loss": 0.00866529531776905, "val_mae": 0.07159149646759033, "val_mse": 0.00866529531776905}