{"loss": 0.04075580835342407, "mae": 0.14686504006385803, "mse": 0.04075580835342407, "val_loss": 0.026043809950351715, "val_mae": 0.11344904452562332, "val_mse": 0.026043809950351715}