{"loss": 0.03108762949705124, "mae": 0.127707377076149, "mse": 0.03108762949705124, "val_loss": 0.010351809673011303, "val_mae": 0.0721382349729538, "val_mse": 0.010351809673011303}