{"loss": 0.03293457627296448, "mae": 0.13103513419628143, "mse": 0.03293457627296448, "val_loss": 0.01073729433119297, "val_mae": 0.0796985775232315, "val_mse": 0.01073729433119297}