{"loss": 0.034423187375068665, "mae": 0.13300321996212006, "mse": 0.034423187375068665, "val_loss": 0.026419486850500107, "val_mae": 0.10744547098875046, "val_mse": 0.026419486850500107}