{"loss": 0.03147120401263237, "mae": 0.1282670944929123, "mse": 0.03147120401263237, "val_loss": 0.00829966738820076, "val_mae": 0.06488625705242157, "val_mse": 0.00829966738820076}