{"loss": 0.033196739852428436, "mae": 0.13222739100456238, "mse": 0.033196739852428436, "val_loss": 0.01226089894771576, "val_mae": 0.07895991206169128, "val_mse": 0.01226089894771576}