{"loss": 0.030776632949709892, "mae": 0.127267524600029, "mse": 0.030776632949709892, "val_loss": 0.009843370877206326, "val_mae": 0.07074519991874695, "val_mse": 0.009843370877206326}