{"loss": 0.031555283814668655, "mae": 0.12905143201351166, "mse": 0.031555283814668655, "val_loss": 0.008492270484566689, "val_mae": 0.06378381699323654, "val_mse": 0.008492270484566689}