{"loss": 0.03011476621031761, "mae": 0.12557770311832428, "mse": 0.03011476621031761, "val_loss": 0.007869943976402283, "val_mae": 0.06722923368215561, "val_mse": 0.007869943976402283}