{"loss": 0.03076968900859356, "mae": 0.12706677615642548, "mse": 0.03076968900859356, "val_loss": 0.01223091408610344, "val_mae": 0.08225462585687637, "val_mse": 0.01223091408610344}