{"loss": 0.030971692875027657, "mae": 0.12735281884670258, "mse": 0.030971692875027657, "val_loss": 0.012378496117889881, "val_mae": 0.08143478631973267, "val_mse": 0.012378496117889881}