{"loss": 0.03470887243747711, "mae": 0.13383449614048004, "mse": 0.03470887243747711, "val_loss": 0.007130626123398542, "val_mae": 0.05818082392215729, "val_mse": 0.007130626123398542}