{"loss": 0.029690450057387352, "mae": 0.12569063901901245, "mse": 0.029690450057387352, "val_loss": 0.008182129822671413, "val_mae": 0.06773684918880463, "val_mse": 0.008182129822671413}