{"loss": 0.02981676161289215, "mae": 0.12490985542535782, "mse": 0.02981676161289215, "val_loss": 0.0070254625752568245, "val_mae": 0.062022220343351364, "val_mse": 0.0070254625752568245}