{"loss": 0.07550948113203049, "mae": 0.20427466928958893, "mse": 0.07550948113203049, "val_loss": 0.021680112928152084, "val_mae": 0.10679078102111816, "val_mse": 0.021680112928152084}