{"loss": 0.029737159609794617, "mae": 0.12471340596675873, "mse": 0.029737159609794617, "val_loss": 0.009680822491645813, "val_mae": 0.07427757233381271, "val_mse": 0.009680822491645813}