{"loss": 0.03258385509252548, "mae": 0.12970390915870667, "mse": 0.03258385509252548, "val_loss": 0.009413396939635277, "val_mae": 0.07147922366857529, "val_mse": 0.009413396939635277}