{"loss": 0.03648916259407997, "mae": 0.13809044659137726, "mse": 0.03648916259407997, "val_loss": 0.015954723581671715, "val_mae": 0.0905090868473053, "val_mse": 0.015954723581671715}