{"loss": 0.021730035543441772, "mae": 0.10378417372703552, "mse": 0.021730035543441772, "val_loss": 0.00423402339220047, "val_mae": 0.048382535576820374, "val_mse": 0.00423402339220047}