{"loss": 0.021984493359923363, "mae": 0.1048012301325798, "mse": 0.021984493359923363, "val_loss": 0.004457362461835146, "val_mae": 0.04813969135284424, "val_mse": 0.004457362461835146}