{"loss": 0.02115345187485218, "mae": 0.10291479527950287, "mse": 0.02115345187485218, "val_loss": 0.0038590796757489443, "val_mae": 0.047211550176143646, "val_mse": 0.0038590796757489443}