{"loss": 0.022402163594961166, "mae": 0.10538388788700104, "mse": 0.022402163594961166, "val_loss": 0.0038813394494354725, "val_mae": 0.04756316542625427, "val_mse": 0.0038813394494354725}