{"loss": 0.025408148765563965, "mae": 0.11368454247713089, "mse": 0.025408148765563965, "val_loss": 0.005905888509005308, "val_mae": 0.05956590548157692, "val_mse": 0.005905888509005308}