{"loss": 0.0219877902418375, "mae": 0.10456577688455582, "mse": 0.0219877902418375, "val_loss": 0.003734926227480173, "val_mae": 0.04781155660748482, "val_mse": 0.003734926227480173}