{"loss": 0.025203954428434372, "mae": 0.11387871205806732, "mse": 0.025203954428434372, "val_loss": 0.00555558642372489, "val_mae": 0.05385301634669304, "val_mse": 0.00555558642372489}