{"loss": 0.02188209258019924, "mae": 0.10474929213523865, "mse": 0.02188209258019924, "val_loss": 0.0027983745094388723, "val_mae": 0.03989808261394501, "val_mse": 0.0027983745094388723}