{"loss": 0.025666482746601105, "mae": 0.11574473232030869, "mse": 0.025666482746601105, "val_loss": 0.005706625059247017, "val_mae": 0.0577566921710968, "val_mse": 0.005706625059247017}