{"loss": 0.022620493546128273, "mae": 0.10664022713899612, "mse": 0.022620493546128273, "val_loss": 0.0040659853257238865, "val_mae": 0.04941348731517792, "val_mse": 0.0040659853257238865}