{"loss": 0.022008176892995834, "mae": 0.10481881350278854, "mse": 0.022008176892995834, "val_loss": 0.003834969364106655, "val_mae": 0.04679315909743309, "val_mse": 0.003834969364106655}