{"loss": 0.023516736924648285, "mae": 0.10873681306838989, "mse": 0.023516736924648285, "val_loss": 0.004704832565039396, "val_mae": 0.053128473460674286, "val_mse": 0.004704832565039396}