{"loss": 0.023630455136299133, "mae": 0.1092020720243454, "mse": 0.023630455136299133, "val_loss": 0.005124901421368122, "val_mae": 0.05596132576465607, "val_mse": 0.005124901421368122}