{"loss": 0.08359765261411667, "mae": 0.217575341463089, "mse": 0.08359765261411667, "val_loss": 0.020868977531790733, "val_mae": 0.10603678226470947, "val_mse": 0.020868977531790733}