{"loss": 0.028527410700917244, "mae": 0.12405254691839218, "mse": 0.028527410700917244, "val_loss": 0.006830664351582527, "val_mae": 0.06031092628836632, "val_mse": 0.006830664351582527}