{"loss": 0.02207840420305729, "mae": 0.10453809797763824, "mse": 0.02207840420305729, "val_loss": 0.004713056143373251, "val_mae": 0.05008520558476448, "val_mse": 0.004713056143373251}