{"loss": 0.02125333808362484, "mae": 0.10291261970996857, "mse": 0.02125333808362484, "val_loss": 0.004193570930510759, "val_mae": 0.04985608533024788, "val_mse": 0.004193570930510759}