{"loss": 0.022599656134843826, "mae": 0.10702741146087646, "mse": 0.022599656134843826, "val_loss": 0.004055251367390156, "val_mae": 0.04754238203167915, "val_mse": 0.004055251367390156}