{"loss": 0.02387407049536705, "mae": 0.10926750302314758, "mse": 0.02387407049536705, "val_loss": 0.005309487227350473, "val_mae": 0.05612148344516754, "val_mse": 0.005309487227350473}