{"loss": 0.022025341168045998, "mae": 0.10425442457199097, "mse": 0.022025341168045998, "val_loss": 0.004522611387073994, "val_mae": 0.05237753316760063, "val_mse": 0.004522611387073994}