{"loss": 0.027387885376811028, "mae": 0.12021399289369583, "mse": 0.027387885376811028, "val_loss": 0.008025898598134518, "val_mae": 0.06631253659725189, "val_mse": 0.008025898598134518}