{"loss": 0.021476583555340767, "mae": 0.1034480482339859, "mse": 0.021476583555340767, "val_loss": 0.0037934216670691967, "val_mae": 0.04857281222939491, "val_mse": 0.0037934216670691967}