{"loss": 0.023431850597262383, "mae": 0.1092001348733902, "mse": 0.023431850597262383, "val_loss": 0.006699082441627979, "val_mae": 0.06115911900997162, "val_mse": 0.006699082441627979}