{"loss": 0.02287287637591362, "mae": 0.10688946396112442, "mse": 0.02287287637591362, "val_loss": 0.006212320178747177, "val_mae": 0.056548599153757095, "val_mse": 0.006212320178747177}