{"loss": 0.03550457954406738, "mae": 0.13913299143314362, "mse": 0.03550457954406738, "val_loss": 0.010236545465886593, "val_mae": 0.07401329278945923, "val_mse": 0.010236545465886593}