{"loss": 0.02526470273733139, "mae": 0.11597883701324463, "mse": 0.02526470273733139, "val_loss": 0.005464240442961454, "val_mae": 0.05579127371311188, "val_mse": 0.005464240442961454}