{"loss": 0.028404872864484787, "mae": 0.12331733852624893, "mse": 0.028404872864484787, "val_loss": 0.008359577506780624, "val_mae": 0.060645587742328644, "val_mse": 0.008359577506780624}