{"loss": 0.03885716199874878, "mae": 0.1456567943096161, "mse": 0.03885716199874878, "val_loss": 0.013744822703301907, "val_mae": 0.08222289383411407, "val_mse": 0.013744822703301907}