{"loss": 0.026840640231966972, "mae": 0.12000900506973267, "mse": 0.026840640231966972, "val_loss": 0.006495500449091196, "val_mae": 0.06181397661566734, "val_mse": 0.006495500449091196}