{"loss": 0.02861853316426277, "mae": 0.12381881475448608, "mse": 0.02861853316426277, "val_loss": 0.00855819322168827, "val_mae": 0.0695158988237381, "val_mse": 0.00855819322168827}