{"loss": 0.025103820487856865, "mae": 0.1156325414776802, "mse": 0.025103820487856865, "val_loss": 0.006520214956253767, "val_mae": 0.06019547954201698, "val_mse": 0.006520214956253767}