{"loss": 0.024446401745080948, "mae": 0.11433383822441101, "mse": 0.024446401745080948, "val_loss": 0.006062780041247606, "val_mae": 0.05688786134123802, "val_mse": 0.006062780041247606}