{"loss": 0.02741221711039543, "mae": 0.12139279395341873, "mse": 0.02741221711039543, "val_loss": 0.010844794102013111, "val_mae": 0.07892034947872162, "val_mse": 0.010844794102013111}