{"loss": 0.024308931082487106, "mae": 0.11395693570375443, "mse": 0.024308931082487106, "val_loss": 0.0057069831527769566, "val_mae": 0.05375663563609123, "val_mse": 0.0057069831527769566}