{"loss": 0.024948282167315483, "mae": 0.11601362377405167, "mse": 0.024948282167315483, "val_loss": 0.006388404406607151, "val_mae": 0.06140296533703804, "val_mse": 0.006388404406607151}