{"loss": 0.029826011508703232, "mae": 0.12666669487953186, "mse": 0.029826011508703232, "val_loss": 0.01092911884188652, "val_mae": 0.07458735257387161, "val_mse": 0.01092911884188652}