{"loss": 0.028258567675948143, "mae": 0.12255324423313141, "mse": 0.028258567675948143, "val_loss": 0.008658691309392452, "val_mae": 0.06622634083032608, "val_mse": 0.008658691309392452}