{"loss": 0.02501230500638485, "mae": 0.11523140221834183, "mse": 0.02501230500638485, "val_loss": 0.006136017385870218, "val_mae": 0.056220024824142456, "val_mse": 0.006136017385870218}