{"loss": 0.027578268200159073, "mae": 0.12139063328504562, "mse": 0.027578268200159073, "val_loss": 0.007499468978494406, "val_mae": 0.06844199448823929, "val_mse": 0.007499468978494406}