{"loss": 0.026387115940451622, "mae": 0.11823359876871109, "mse": 0.026387115940451622, "val_loss": 0.007051587570458651, "val_mae": 0.06004689261317253, "val_mse": 0.007051587570458651}