{"loss": 0.025084303691983223, "mae": 0.1160229966044426, "mse": 0.025084303691983223, "val_loss": 0.007298689801245928, "val_mae": 0.06561008840799332, "val_mse": 0.007298689801245928}