{"loss": 0.03433523327112198, "mae": 0.13643516600131989, "mse": 0.03433523327112198, "val_loss": 0.011774918995797634, "val_mae": 0.07900366932153702, "val_mse": 0.011774918995797634}