{"loss": 0.02934332937002182, "mae": 0.12558089196681976, "mse": 0.02934332937002182, "val_loss": 0.008903536945581436, "val_mae": 0.0695737674832344, "val_mse": 0.008903536945581436}