{"loss": 0.02735019288957119, "mae": 0.12096725404262543, "mse": 0.02735019288957119, "val_loss": 0.006919899955391884, "val_mae": 0.061228618025779724, "val_mse": 0.006919899955391884}