{"loss": 0.026339305564761162, "mae": 0.11851401627063751, "mse": 0.026339305564761162, "val_loss": 0.013911047019064426, "val_mae": 0.08199767023324966, "val_mse": 0.013911047019064426}