{"loss": 0.026122957468032837, "mae": 0.11774270981550217, "mse": 0.026122957468032837, "val_loss": 0.0059542167000472546, "val_mae": 0.05620165169239044, "val_mse": 0.0059542167000472546}