{"loss": 0.0744674950838089, "mae": 0.20456506311893463, "mse": 0.0744674950838089, "val_loss": 0.024596890434622765, "val_mae": 0.11652353405952454, "val_mse": 0.024596890434622765}