{"loss": 0.03234586864709854, "mae": 0.13144148886203766, "mse": 0.03234586864709854, "val_loss": 0.017361247912049294, "val_mae": 0.09226636588573456, "val_mse": 0.017361247912049294}