{"loss": 0.024536186829209328, "mae": 0.11328690499067307, "mse": 0.024536186829209328, "val_loss": 0.005373994819819927, "val_mae": 0.05625481531023979, "val_mse": 0.005373994819819927}