{"loss": 0.029475456103682518, "mae": 0.12631449103355408, "mse": 0.029475456103682518, "val_loss": 0.007548720110207796, "val_mae": 0.0667949691414833, "val_mse": 0.007548720110207796}