{"loss": 0.023650391027331352, "mae": 0.11181151121854782, "mse": 0.023650391027331352, "val_loss": 0.004246057011187077, "val_mae": 0.05177674442529678, "val_mse": 0.004246057011187077}