{"loss": 0.02356826514005661, "mae": 0.1118188202381134, "mse": 0.02356826514005661, "val_loss": 0.008862018585205078, "val_mae": 0.06799782067537308, "val_mse": 0.008862018585205078}