{"loss": 0.02515614591538906, "mae": 0.11457234621047974, "mse": 0.02515614591538906, "val_loss": 0.007149402052164078, "val_mae": 0.05359693989157677, "val_mse": 0.007149402052164078}