{"loss": 0.024187764152884483, "mae": 0.11282166093587875, "mse": 0.024187764152884483, "val_loss": 0.004337887279689312, "val_mae": 0.05158637464046478, "val_mse": 0.004337887279689312}