{"loss": 0.025862138718366623, "mae": 0.11740987002849579, "mse": 0.025862138718366623, "val_loss": 0.0054917712695896626, "val_mae": 0.05784670263528824, "val_mse": 0.0054917712695896626}