{"loss": 0.024217914789915085, "mae": 0.11285664141178131, "mse": 0.024217914789915085, "val_loss": 0.005817337892949581, "val_mae": 0.05998551473021507, "val_mse": 0.005817337892949581}