{"loss": 0.024886051192879677, "mae": 0.11526363343000412, "mse": 0.024886051192879677, "val_loss": 0.004700528923422098, "val_mae": 0.05466610565781593, "val_mse": 0.004700528923422098}