{"loss": 0.02442917227745056, "mae": 0.11392594873905182, "mse": 0.02442917227745056, "val_loss": 0.004405527375638485, "val_mae": 0.053227365016937256, "val_mse": 0.004405527375638485}