{"loss": 0.02495213784277439, "mae": 0.11538132280111313, "mse": 0.02495213784277439, "val_loss": 0.004556711297482252, "val_mae": 0.05172273516654968, "val_mse": 0.004556711297482252}