{"loss": 0.02552574686706066, "mae": 0.1170131042599678, "mse": 0.02552574686706066, "val_loss": 0.005253021139651537, "val_mae": 0.055787451565265656, "val_mse": 0.005253021139651537}