{"loss": 0.026214078068733215, "mae": 0.11846792697906494, "mse": 0.026214078068733215, "val_loss": 0.007114266511052847, "val_mae": 0.06619216501712799, "val_mse": 0.007114266511052847}