{"loss": 0.02606566995382309, "mae": 0.11775893718004227, "mse": 0.02606566995382309, "val_loss": 0.004496769048273563, "val_mae": 0.052563007920980453, "val_mse": 0.004496769048273563}