{"loss": 0.05588899925351143, "mae": 0.17484572529792786, "mse": 0.05588899925351143, "val_loss": 0.011242089793086052, "val_mae": 0.07977353036403656, "val_mse": 0.011242089793086052}