{"loss": 0.02550075203180313, "mae": 0.11607730388641357, "mse": 0.02550075203180313, "val_loss": 0.007751183584332466, "val_mae": 0.06802810728549957, "val_mse": 0.007751183584332466}