{"loss": 0.027385184541344643, "mae": 0.12073111534118652, "mse": 0.027385184541344643, "val_loss": 0.006145567167550325, "val_mae": 0.0601579025387764, "val_mse": 0.006145567167550325}