{"loss": 0.032243818044662476, "mae": 0.13288207352161407, "mse": 0.032243818044662476, "val_loss": 0.007362227886915207, "val_mae": 0.06575725227594376, "val_mse": 0.007362227886915207}