{"loss": 0.027390843257308006, "mae": 0.12105831503868103, "mse": 0.027390843257308006, "val_loss": 0.007418499328196049, "val_mae": 0.06761186569929123, "val_mse": 0.007418499328196049}