{"loss": 0.02410176210105419, "mae": 0.11327098309993744, "mse": 0.02410176210105419, "val_loss": 0.004805564880371094, "val_mae": 0.05144387483596802, "val_mse": 0.004805564880371094}