{"loss": 0.02474220097064972, "mae": 0.11424309015274048, "mse": 0.02474220097064972, "val_loss": 0.006180056370794773, "val_mae": 0.06335821002721786, "val_mse": 0.006180056370794773}