{"loss": 0.02378794550895691, "mae": 0.11212190240621567, "mse": 0.02378794550895691, "val_loss": 0.004137792158871889, "val_mae": 0.051972419023513794, "val_mse": 0.004137792158871889}