{"loss": 0.025849876925349236, "mae": 0.11805538088083267, "mse": 0.025849876925349236, "val_loss": 0.004835647065192461, "val_mae": 0.05460953712463379, "val_mse": 0.004835647065192461}