{"loss": 0.027174578979611397, "mae": 0.12062007188796997, "mse": 0.027174578979611397, "val_loss": 0.0055929250083863735, "val_mae": 0.05682117119431496, "val_mse": 0.0055929250083863735}