{"loss": 0.024245746433734894, "mae": 0.11330632120370865, "mse": 0.024245746433734894, "val_loss": 0.00423656590282917, "val_mae": 0.05120754614472389, "val_mse": 0.00423656590282917}