{"loss": 0.023720283061265945, "mae": 0.11204446107149124, "mse": 0.023720283061265945, "val_loss": 0.004126126412302256, "val_mae": 0.0507427416741848, "val_mse": 0.004126126412302256}