{"loss": 0.024197520688176155, "mae": 0.11264382302761078, "mse": 0.024197520688176155, "val_loss": 0.004444289021193981, "val_mae": 0.05314461141824722, "val_mse": 0.004444289021193981}