{"loss": 0.02510351687669754, "mae": 0.11550650000572205, "mse": 0.02510351687669754, "val_loss": 0.005067842546850443, "val_mae": 0.056091129779815674, "val_mse": 0.005067842546850443}