{"loss": 0.024531714618206024, "mae": 0.11355150490999222, "mse": 0.024531714618206024, "val_loss": 0.004426674451678991, "val_mae": 0.05209711194038391, "val_mse": 0.004426674451678991}