{"loss": 0.028330227360129356, "mae": 0.12298877537250519, "mse": 0.028330227360129356, "val_loss": 0.006445591803640127, "val_mae": 0.06250273436307907, "val_mse": 0.006445591803640127}