{"loss": 0.024910282343626022, "mae": 0.11537297815084457, "mse": 0.024910282343626022, "val_loss": 0.00567659642547369, "val_mae": 0.05987400561571121, "val_mse": 0.00567659642547369}