{"loss": 0.027844196185469627, "mae": 0.1224629133939743, "mse": 0.027844196185469627, "val_loss": 0.006380878388881683, "val_mae": 0.060836758464574814, "val_mse": 0.006380878388881683}