{"acc": 0.7452870136269009, "loss": 0.16525478588015335, "_timestamp": 1724596670.915645, "_runtime": 0.5702970027923584, "_step": 7, "_wandb": {"runtime": 0}}