{"acc": 0.8102363041333166, "loss": 0.1561104404333825, "_timestamp": 1724596744.8394496, "_runtime": 0.5815377235412598, "_step": 7, "_wandb": {"runtime": 0}}