{"loss": 0.05909120664000511, "mae": 0.18379469215869904, "mse": 0.05909120664000511, "val_loss": 0.022445345297455788, "val_mae": 0.1133275032043457, "val_mse": 0.022445345297455788}