{"loss": 0.035029519349336624, "mae": 0.13936004042625427, "mse": 0.035029519349336624, "val_loss": 0.009240034967660904, "val_mae": 0.07344163209199905, "val_mse": 0.009240034967660904}