{"loss": 0.028348498046398163, "mae": 0.12443846464157104, "mse": 0.028348498046398163, "val_loss": 0.0063024661503732204, "val_mae": 0.06212737038731575, "val_mse": 0.0063024661503732204}