{"loss": 0.04686431959271431, "mae": 0.16228938102722168, "mse": 0.04686431959271431, "val_loss": 0.017459575086832047, "val_mae": 0.10097810626029968, "val_mse": 0.017459575086832047}