{"loss": 0.02088019624352455, "mae": 0.10398510843515396, "mse": 0.02088019624352455, "val_loss": 0.0028896310832351446, "val_mae": 0.04285324364900589, "val_mse": 0.0028896310832351446}