{"loss": 0.024340203031897545, "mae": 0.11409159749746323, "mse": 0.024340203031897545, "val_loss": 0.004347192123532295, "val_mae": 0.05239057168364525, "val_mse": 0.004347192123532295}