{"loss": 0.022661935538053513, "mae": 0.10950504243373871, "mse": 0.022661935538053513, "val_loss": 0.0032687869388610125, "val_mae": 0.04558723792433739, "val_mse": 0.0032687869388610125}