{"loss": 0.022779401391744614, "mae": 0.10987148433923721, "mse": 0.022779401391744614, "val_loss": 0.003824090352281928, "val_mae": 0.049438539892435074, "val_mse": 0.003824090352281928}