{"loss": 0.023954732343554497, "mae": 0.11281699687242508, "mse": 0.023954732343554497, "val_loss": 0.0036585910711437464, "val_mae": 0.04781493544578552, "val_mse": 0.0036585910711437464}