{"loss": 0.02095082774758339, "mae": 0.10428031533956528, "mse": 0.02095082774758339, "val_loss": 0.0026181908324360847, "val_mae": 0.04092320054769516, "val_mse": 0.0026181908324360847}