{"loss": 0.039779987186193466, "mae": 0.14902696013450623, "mse": 0.039779987186193466, "val_loss": 0.010696977376937866, "val_mae": 0.07604635506868362, "val_mse": 0.010696977376937866}