{"loss": 0.02485894039273262, "mae": 0.11564437299966812, "mse": 0.02485894039273262, "val_loss": 0.00446191756054759, "val_mae": 0.05345950648188591, "val_mse": 0.00446191756054759}