{"loss": 0.022189486771821976, "mae": 0.10815730690956116, "mse": 0.022189486771821976, "val_loss": 0.0038081163074821234, "val_mae": 0.04937361925840378, "val_mse": 0.0038081163074821234}