{"loss": 0.08128377050161362, "mae": 0.21897529065608978, "mse": 0.08128377050161362, "val_loss": 0.035532332956790924, "val_mae": 0.14401264488697052, "val_mse": 0.035532332956790924}