{"loss": 0.021547257900238037, "mae": 0.10631296783685684, "mse": 0.021547257900238037, "val_loss": 0.0039979200810194016, "val_mae": 0.05128686502575874, "val_mse": 0.0039979200810194016}