{"loss": 0.025616081431508064, "mae": 0.11746733635663986, "mse": 0.025616081431508064, "val_loss": 0.004839978646486998, "val_mae": 0.05521521344780922, "val_mse": 0.004839978646486998}