{"loss": 0.03174283355474472, "mae": 0.13261333107948303, "mse": 0.03174283355474472, "val_loss": 0.007409046869724989, "val_mae": 0.06686360388994217, "val_mse": 0.007409046869724989}