{"loss": 0.020727483555674553, "mae": 0.10327523201704025, "mse": 0.020727483555674553, "val_loss": 0.002507738070562482, "val_mae": 0.04010096564888954, "val_mse": 0.002507738070562482}