{"loss": 0.022041549906134605, "mae": 0.10760657489299774, "mse": 0.022041549906134605, "val_loss": 0.003284981707111001, "val_mae": 0.045932672917842865, "val_mse": 0.003284981707111001}