{"loss": 0.020672861486673355, "mae": 0.10343290120363235, "mse": 0.020672861486673355, "val_loss": 0.0029010367579758167, "val_mae": 0.04324425011873245, "val_mse": 0.0029010367579758167}