{"loss": 0.02048248052597046, "mae": 0.1025579646229744, "mse": 0.02048248052597046, "val_loss": 0.002884211717173457, "val_mae": 0.043476153165102005, "val_mse": 0.002884211717173457}