{"loss": 0.02166435681283474, "mae": 0.10669002681970596, "mse": 0.02166435681283474, "val_loss": 0.0032217795960605145, "val_mae": 0.04574725404381752, "val_mse": 0.0032217795960605145}