{"loss": 0.021466298028826714, "mae": 0.10576526820659637, "mse": 0.021466298028826714, "val_loss": 0.0029034402687102556, "val_mae": 0.04312925040721893, "val_mse": 0.0029034402687102556}