{"loss": 0.027341555804014206, "mae": 0.12181079387664795, "mse": 0.027341555804014206, "val_loss": 0.005189885385334492, "val_mae": 0.05617748945951462, "val_mse": 0.005189885385334492}