{"loss": 0.029708657413721085, "mae": 0.12765571475028992, "mse": 0.029708657413721085, "val_loss": 0.006424919236451387, "val_mae": 0.06210261583328247, "val_mse": 0.006424919236451387}