{"loss": 0.020919136703014374, "mae": 0.1042194589972496, "mse": 0.020919136703014374, "val_loss": 0.002934867050498724, "val_mae": 0.04340071231126785, "val_mse": 0.002934867050498724}