{"loss": 0.02155352383852005, "mae": 0.1062159612774849, "mse": 0.02155352383852005, "val_loss": 0.002848508534952998, "val_mae": 0.04248087480664253, "val_mse": 0.002848508534952998}