{"loss": 0.020525174215435982, "mae": 0.10263153165578842, "mse": 0.020525174215435982, "val_loss": 0.0027756320778280497, "val_mae": 0.04186315834522247, "val_mse": 0.0027756320778280497}