{"loss": 0.024140657857060432, "mae": 0.11353261023759842, "mse": 0.024140657857060432, "val_loss": 0.004029890988022089, "val_mae": 0.05073997750878334, "val_mse": 0.004029890988022089}