{"loss": 0.02151746302843094, "mae": 0.10581208020448685, "mse": 0.02151746302843094, "val_loss": 0.003361708950251341, "val_mae": 0.0460355207324028, "val_mse": 0.003361708950251341}