{"loss": 0.020766273140907288, "mae": 0.10355952382087708, "mse": 0.020766273140907288, "val_loss": 0.002238829853013158, "val_mae": 0.037460193037986755, "val_mse": 0.002238829853013158}