{"loss": 0.02108927257359028, "mae": 0.10480135679244995, "mse": 0.02108927257359028, "val_loss": 0.002316680969670415, "val_mae": 0.03843633830547333, "val_mse": 0.002316680969670415}