{"loss": 0.02203667163848877, "mae": 0.10770301520824432, "mse": 0.02203667163848877, "val_loss": 0.003232867456972599, "val_mae": 0.04562542214989662, "val_mse": 0.003232867456972599}