{"loss": 0.023342879489064217, "mae": 0.11140275001525879, "mse": 0.023342879489064217, "val_loss": 0.0034450755920261145, "val_mae": 0.046897485852241516, "val_mse": 0.0034450755920261145}