{"loss": 0.021048951894044876, "mae": 0.10478511452674866, "mse": 0.021048951894044876, "val_loss": 0.003069319762289524, "val_mae": 0.044517338275909424, "val_mse": 0.003069319762289524}