{"loss": 0.02254108339548111, "mae": 0.10910498350858688, "mse": 0.02254108339548111, "val_loss": 0.0038235781248658895, "val_mae": 0.04973766207695007, "val_mse": 0.0038235781248658895}