{"loss": 0.02066907472908497, "mae": 0.10323058068752289, "mse": 0.02066907472908497, "val_loss": 0.0036859565880149603, "val_mae": 0.04858255386352539, "val_mse": 0.0036859565880149603}