{"loss": 0.1371154934167862, "mae": 0.2941771149635315, "mse": 0.1371154934167862, "val_loss": 0.057179637253284454, "val_mae": 0.1807020604610443, "val_mse": 0.057179637253284454}