{"loss": 0.02243061549961567, "mae": 0.10879863053560257, "mse": 0.02243061549961567, "val_loss": 0.0038150043692439795, "val_mae": 0.04922793433070183, "val_mse": 0.0038150043692439795}