{"loss": 0.020610790699720383, "mae": 0.10274632275104523, "mse": 0.020610790699720383, "val_loss": 0.0025833146646618843, "val_mae": 0.040641237050294876, "val_mse": 0.0025833146646618843}