{"loss": 0.020458098500967026, "mae": 0.10263924300670624, "mse": 0.020458098500967026, "val_loss": 0.003001487348228693, "val_mae": 0.04417673498392105, "val_mse": 0.0030014875810593367}