{"loss": 0.02621050551533699, "mae": 0.1189618706703186, "mse": 0.02621050551533699, "val_loss": 0.006014194339513779, "val_mae": 0.06140235811471939, "val_mse": 0.006014194339513779}