{"loss": 0.020673982799053192, "mae": 0.10316474735736847, "mse": 0.020673982799053192, "val_loss": 0.0029870313592255116, "val_mae": 0.043784283101558685, "val_mse": 0.0029870313592255116}