{"loss": 0.021671682596206665, "mae": 0.10676627606153488, "mse": 0.021671682596206665, "val_loss": 0.003120010020211339, "val_mae": 0.044587407261133194, "val_mse": 0.003120010020211339}