{"loss": 0.020943017676472664, "mae": 0.10412021726369858, "mse": 0.020943017676472664, "val_loss": 0.0030076587572693825, "val_mae": 0.04348573088645935, "val_mse": 0.0030076587572693825}