{"loss": 0.023524174466729164, "mae": 0.11180559545755386, "mse": 0.023524174466729164, "val_loss": 0.003726704977452755, "val_mae": 0.04871412739157677, "val_mse": 0.003726704977452755}