{"loss": 0.020186331123113632, "mae": 0.10175715386867523, "mse": 0.020186331123113632, "val_loss": 0.003176454221829772, "val_mae": 0.04548691585659981, "val_mse": 0.003176454221829772}