{"loss": 0.007099198177456856, "mae": 0.058102384209632874, "mse": 0.007099198177456856, "val_loss": 0.000943571503739804, "val_mae": 0.019779935479164124, "val_mse": 0.000943571503739804}