{"loss": 0.010266515426337719, "mae": 0.0718977078795433, "mse": 0.010266515426337719, "val_loss": 0.002643825253471732, "val_mae": 0.0360606387257576, "val_mse": 0.002643825253471732}