{"loss": 0.00736511405557394, "mae": 0.059145841747522354, "mse": 0.00736511405557394, "val_loss": 0.001180339022539556, "val_mae": 0.023840200155973434, "val_mse": 0.001180339022539556}