{"loss": 0.007703646086156368, "mae": 0.061194803565740585, "mse": 0.007703646086156368, "val_loss": 0.0015463695162907243, "val_mae": 0.025835571810603142, "val_mse": 0.0015463695162907243}