{"loss": 0.011251349002122879, "mae": 0.07546404004096985, "mse": 0.011251349002122879, "val_loss": 0.003306841943413019, "val_mae": 0.041214555501937866, "val_mse": 0.003306841943413019}