{"loss": 0.00780651718378067, "mae": 0.061952583491802216, "mse": 0.00780651718378067, "val_loss": 0.0014531422639265656, "val_mae": 0.02685011923313141, "val_mse": 0.0014531422639265656}