{"loss": 0.008231262676417828, "mae": 0.06394513696432114, "mse": 0.008231262676417828, "val_loss": 0.001596159883774817, "val_mae": 0.02819320559501648, "val_mse": 0.001596159883774817}