{"loss": 0.012743269093334675, "mae": 0.08022875338792801, "mse": 0.012743269093334675, "val_loss": 0.004019696731120348, "val_mae": 0.04499117285013199, "val_mse": 0.004019696731120348}