{"loss": 0.00867752730846405, "mae": 0.06590422242879868, "mse": 0.00867752730846405, "val_loss": 0.0017637255368754268, "val_mae": 0.02903582528233528, "val_mse": 0.0017637255368754268}