{"loss": 0.007130876649171114, "mae": 0.05824045091867447, "mse": 0.007130876649171114, "val_loss": 0.0011746467789635062, "val_mae": 0.021190259605646133, "val_mse": 0.0011746467789635062}