{"loss": 0.007383775431662798, "mae": 0.05953549966216087, "mse": 0.007383775431662798, "val_loss": 0.0010530359577387571, "val_mae": 0.02031458541750908, "val_mse": 0.0010530359577387571}