{"loss": 0.015469389967620373, "mae": 0.08938498795032501, "mse": 0.015469389967620373, "val_loss": 0.004275632090866566, "val_mae": 0.04574421048164368, "val_mse": 0.004275632090866566}