{"loss": 0.007322636898607016, "mae": 0.059007491916418076, "mse": 0.007322636898607016, "val_loss": 0.0009506720816716552, "val_mae": 0.019792070612311363, "val_mse": 0.0009506720816716552}