{"loss": 0.00901482068002224, "mae": 0.06739144772291183, "mse": 0.00901482068002224, "val_loss": 0.0019912603311240673, "val_mae": 0.031929899007081985, "val_mse": 0.0019912603311240673}