{"loss": 0.00772484578192234, "mae": 0.061513401567935944, "mse": 0.00772484578192234, "val_loss": 0.0013211837504059076, "val_mae": 0.025337448343634605, "val_mse": 0.0013211837504059076}