{"loss": 0.021067187190055847, "mae": 0.10574650019407272, "mse": 0.021067187190055847, "val_loss": 0.005817743018269539, "val_mae": 0.053326159715652466, "val_mse": 0.005817743018269539}