{"loss": 0.007574591785669327, "mae": 0.06057232990860939, "mse": 0.007574591785669327, "val_loss": 0.0014819095376878977, "val_mae": 0.026763882488012314, "val_mse": 0.0014819095376878977}