{"loss": 0.007069645915180445, "mae": 0.05767141655087471, "mse": 0.007069645915180445, "val_loss": 0.0010731297079473734, "val_mae": 0.022017674520611763, "val_mse": 0.0010731297079473734}