{"loss": 0.007177629508078098, "mae": 0.058363717049360275, "mse": 0.007177629508078098, "val_loss": 0.0009412551298737526, "val_mae": 0.019554244354367256, "val_mse": 0.0009412551298737526}