{"loss": 0.009403729811310768, "mae": 0.06885381788015366, "mse": 0.009403729811310768, "val_loss": 0.002229074016213417, "val_mae": 0.03400437906384468, "val_mse": 0.002229074016213417}