{"loss": 0.007141003850847483, "mae": 0.057944439351558685, "mse": 0.007141003850847483, "val_loss": 0.0009752056794241071, "val_mae": 0.019843773916363716, "val_mse": 0.0009752056794241071}