{"loss": 0.007975938729941845, "mae": 0.06278056651353836, "mse": 0.007975938729941845, "val_loss": 0.0017525803996250033, "val_mae": 0.03019745834171772, "val_mse": 0.0017525803996250033}