{"loss": 0.007483385503292084, "mae": 0.06019396334886551, "mse": 0.007483385503292084, "val_loss": 0.001548504107631743, "val_mae": 0.024430999532341957, "val_mse": 0.001548504107631743}