{"loss": 0.007153256330639124, "mae": 0.058314673602581024, "mse": 0.007153256330639124, "val_loss": 0.0009109281818382442, "val_mae": 0.018653666600584984, "val_mse": 0.0009109281818382442}