{"loss": 0.008380995132029057, "mae": 0.06447717547416687, "mse": 0.008380995132029057, "val_loss": 0.0015759299276396632, "val_mae": 0.027398623526096344, "val_mse": 0.0015759299276396632}