{"loss": 0.007472148165106773, "mae": 0.060083866119384766, "mse": 0.007472148165106773, "val_loss": 0.001109811943024397, "val_mae": 0.022059351205825806, "val_mse": 0.001109811943024397}