{"loss": 0.007448873948305845, "mae": 0.05959051847457886, "mse": 0.007448873948305845, "val_loss": 0.0009653093875385821, "val_mae": 0.01987215131521225, "val_mse": 0.0009653093875385821}