{"loss": 0.051407232880592346, "mae": 0.1639026552438736, "mse": 0.051407232880592346, "val_loss": 0.012436299584805965, "val_mae": 0.07967226952314377, "val_mse": 0.012436299584805965}