{"loss": 0.020236505195498466, "mae": 0.10040689259767532, "mse": 0.020236505195498466, "val_loss": 0.0025426477659493685, "val_mae": 0.03951228782534599, "val_mse": 0.0025426477659493685}