{"loss": 0.02290792018175125, "mae": 0.10845734924077988, "mse": 0.02290792018175125, "val_loss": 0.003007406834512949, "val_mae": 0.04113640636205673, "val_mse": 0.003007406834512949}