{"loss": 0.02732616662979126, "mae": 0.12121866643428802, "mse": 0.02732616662979126, "val_loss": 0.005483479239046574, "val_mae": 0.056395407766103745, "val_mse": 0.005483479239046574}