{"loss": 0.019634276628494263, "mae": 0.09792884439229965, "mse": 0.019634276628494263, "val_loss": 0.002850797027349472, "val_mae": 0.04201940819621086, "val_mse": 0.002850797027349472}