{"loss": 0.019318033009767532, "mae": 0.0969960168004036, "mse": 0.019318033009767532, "val_loss": 0.0023133514914661646, "val_mae": 0.038248006254434586, "val_mse": 0.0023133514914661646}