{"loss": 0.023190293461084366, "mae": 0.10968900471925735, "mse": 0.023190293461084366, "val_loss": 0.004696976393461227, "val_mae": 0.053155478090047836, "val_mse": 0.004696976393461227}