{"loss": 0.022139349952340126, "mae": 0.10643734037876129, "mse": 0.022139349952340126, "val_loss": 0.0028996821492910385, "val_mae": 0.041446033865213394, "val_mse": 0.0028996821492910385}