{"loss": 0.10265595465898514, "mae": 0.2486022412776947, "mse": 0.10265595465898514, "val_loss": 0.03204941377043724, "val_mae": 0.13053646683692932, "val_mse": 0.03204941377043724}