{"loss": 0.02094404399394989, "mae": 0.10266045480966568, "mse": 0.02094404399394989, "val_loss": 0.0029387122485786676, "val_mae": 0.042130980640649796, "val_mse": 0.0029387122485786676}