{"loss": 0.019868740811944008, "mae": 0.09877538681030273, "mse": 0.019868740811944008, "val_loss": 0.0030323341488838196, "val_mae": 0.04355772212147713, "val_mse": 0.0030323341488838196}