{"loss": 0.019500868394970894, "mae": 0.09719089418649673, "mse": 0.019500868394970894, "val_loss": 0.0029180769342929125, "val_mae": 0.042862121015787125, "val_mse": 0.0029180769342929125}