{"loss": 0.024419283494353294, "mae": 0.11359617859125137, "mse": 0.024419283494353294, "val_loss": 0.004251743201166391, "val_mae": 0.04922623187303543, "val_mse": 0.004251743201166391}