{"loss": 0.019487394019961357, "mae": 0.09744967520236969, "mse": 0.019487394019961357, "val_loss": 0.002861599437892437, "val_mae": 0.04254310950636864, "val_mse": 0.002861599437892437}