{"loss": 0.019527381286025047, "mae": 0.09751606732606888, "mse": 0.019527381286025047, "val_loss": 0.0022882206831127405, "val_mae": 0.03794287517666817, "val_mse": 0.0022882206831127405}