{"loss": 0.020400183275341988, "mae": 0.10085280984640121, "mse": 0.020400183275341988, "val_loss": 0.0030057679396122694, "val_mae": 0.04326886683702469, "val_mse": 0.0030057679396122694}