{"loss": 0.020833348855376244, "mae": 0.10252588242292404, "mse": 0.020833348855376244, "val_loss": 0.0032938148360699415, "val_mae": 0.045362669974565506, "val_mse": 0.0032938148360699415}