{"loss": 0.019658613950014114, "mae": 0.09752636402845383, "mse": 0.019658613950014114, "val_loss": 0.0027894575614482164, "val_mae": 0.04193578287959099, "val_mse": 0.0027894575614482164}