{"loss": 0.02040673792362213, "mae": 0.1007797122001648, "mse": 0.02040673792362213, "val_loss": 0.0031449103262275457, "val_mae": 0.04413171485066414, "val_mse": 0.0031449103262275457}