{"loss": 0.019507236778736115, "mae": 0.09725427627563477, "mse": 0.019507236778736115, "val_loss": 0.0022253317292779684, "val_mae": 0.03775935247540474, "val_mse": 0.0022253317292779684}