{"loss": 0.019749363884329796, "mae": 0.0987105593085289, "mse": 0.019749363884329796, "val_loss": 0.00273334002122283, "val_mae": 0.041267119348049164, "val_mse": 0.00273334002122283}