{"loss": 0.023864872753620148, "mae": 0.11159607023000717, "mse": 0.023864872753620148, "val_loss": 0.004698777571320534, "val_mae": 0.05289671570062637, "val_mse": 0.004698777571320534}