{"loss": 0.048463378101587296, "mae": 0.16472820937633514, "mse": 0.048463378101587296, "val_loss": 0.013759695924818516, "val_mae": 0.08186762034893036, "val_mse": 0.013759695924818516}