{"loss": 0.01985129714012146, "mae": 0.09916988015174866, "mse": 0.01985129714012146, "val_loss": 0.002814710373058915, "val_mae": 0.041643258184194565, "val_mse": 0.002814710373058915}