{"loss": 0.019620925188064575, "mae": 0.09789959341287613, "mse": 0.019620925188064575, "val_loss": 0.0021944025065749884, "val_mae": 0.03705071285367012, "val_mse": 0.0021944025065749884}