{"loss": 0.03583619371056557, "mae": 0.14019235968589783, "mse": 0.03583619371056557, "val_loss": 0.008843923918902874, "val_mae": 0.067660391330719, "val_mse": 0.008843923918902874}