{"loss": 0.02001802995800972, "mae": 0.09941534698009491, "mse": 0.02001802995800972, "val_loss": 0.0028926662635058165, "val_mae": 0.04276571795344353, "val_mse": 0.0028926662635058165}