{"loss": 0.01979808509349823, "mae": 0.09869406372308731, "mse": 0.01979808509349823, "val_loss": 0.0023436788469552994, "val_mae": 0.0378115139901638, "val_mse": 0.0023436788469552994}