{"loss": 0.021457552909851074, "mae": 0.1039516031742096, "mse": 0.021457552909851074, "val_loss": 0.003289456246420741, "val_mae": 0.04468606412410736, "val_mse": 0.003289456246420741}