{"loss": 0.020786577835679054, "mae": 0.1017480120062828, "mse": 0.020786577835679054, "val_loss": 0.00362392351962626, "val_mae": 0.047972023487091064, "val_mse": 0.00362392351962626}