{"loss": 0.02000330574810505, "mae": 0.09898040443658829, "mse": 0.02000330574810505, "val_loss": 0.0028044951613992453, "val_mae": 0.041928697377443314, "val_mse": 0.0028044951613992453}