{"loss": 0.022008972242474556, "mae": 0.10598985850811005, "mse": 0.022008972242474556, "val_loss": 0.003607366932556033, "val_mae": 0.04663117974996567, "val_mse": 0.003607366932556033}