{"loss": 0.019820287823677063, "mae": 0.09848730266094208, "mse": 0.019820287823677063, "val_loss": 0.0029774510767310858, "val_mae": 0.04339289665222168, "val_mse": 0.0029774510767310858}