{"loss": 0.019606800749897957, "mae": 0.09762046486139297, "mse": 0.019606800749897957, "val_loss": 0.002608254551887512, "val_mae": 0.0401950404047966, "val_mse": 0.002608254551887512}