{"loss": 0.020043760538101196, "mae": 0.09933658689260483, "mse": 0.020043760538101196, "val_loss": 0.002639426151290536, "val_mae": 0.0398242212831974, "val_mse": 0.002639426151290536}