{"loss": 0.02558601088821888, "mae": 0.1168203055858612, "mse": 0.02558601088821888, "val_loss": 0.0052874526008963585, "val_mae": 0.05588781461119652, "val_mse": 0.0052874526008963585}