{"loss": 0.019476383924484253, "mae": 0.09742029756307602, "mse": 0.019476383924484253, "val_loss": 0.002939187688753009, "val_mae": 0.0411168597638607, "val_mse": 0.002939187688753009}