{"loss": 0.01941242627799511, "mae": 0.09704961627721786, "mse": 0.01941242627799511, "val_loss": 0.0031906075309962034, "val_mae": 0.044865742325782776, "val_mse": 0.0031906075309962034}