{"loss": 0.02028781548142433, "mae": 0.10023295879364014, "mse": 0.02028781548142433, "val_loss": 0.003054775996133685, "val_mae": 0.0437391921877861, "val_mse": 0.003054775996133685}