{"loss": 0.020229559391736984, "mae": 0.09983234852552414, "mse": 0.020229559391736984, "val_loss": 0.0030602137558162212, "val_mae": 0.04371528699994087, "val_mse": 0.0030602137558162212}