{"loss": 0.021291950717568398, "mae": 0.1038147360086441, "mse": 0.021291950717568398, "val_loss": 0.003589317435398698, "val_mae": 0.04661295935511589, "val_mse": 0.003589317435398698}