{"loss": 0.020581234246492386, "mae": 0.10151807218790054, "mse": 0.020581234246492386, "val_loss": 0.0026906938292086124, "val_mae": 0.04018012434244156, "val_mse": 0.0026906938292086124}