{"loss": 0.021362250670790672, "mae": 0.10436657816171646, "mse": 0.021362250670790672, "val_loss": 0.0032257281709462404, "val_mae": 0.04417625442147255, "val_mse": 0.0032257281709462404}