{"loss": 0.019485415890812874, "mae": 0.09734521061182022, "mse": 0.019485415890812874, "val_loss": 0.002280607121065259, "val_mae": 0.03806208446621895, "val_mse": 0.002280607121065259}