{"loss": 0.019495753571391106, "mae": 0.09778523445129395, "mse": 0.019495753571391106, "val_loss": 0.0030033986549824476, "val_mae": 0.04324740916490555, "val_mse": 0.0030033986549824476}