{"loss": 0.020837070420384407, "mae": 0.10229219496250153, "mse": 0.020837070420384407, "val_loss": 0.003269190900027752, "val_mae": 0.04484017193317413, "val_mse": 0.003269190900027752}