{"loss": 0.03032638505101204, "mae": 0.12828415632247925, "mse": 0.03032638505101204, "val_loss": 0.008059228770434856, "val_mae": 0.06899264454841614, "val_mse": 0.008059228770434856}