{"acc": 0.7997152004418999, "loss": 0.1841729163864492, "_timestamp": 1725813566.253639, "_runtime": 0.6446709632873535, "_step": 7, "_wandb": {"runtime": 0}}