{"loss": 0.11734361946582794, "mae": 0.26921942830085754, "mse": 0.11734361946582794, "val_loss": 0.03741755709052086, "val_mae": 0.1514042168855667, "val_mse": 0.03741755709052086}