{"loss": 0.04598366841673851, "mae": 0.15826046466827393, "mse": 0.04598366841673851, "val_loss": 0.012857789173722267, "val_mae": 0.09407813847064972, "val_mse": 0.012857789173722267}