{"loss": 0.04162588715553284, "mae": 0.14827248454093933, "mse": 0.04162588715553284, "val_loss": 0.009218522347509861, "val_mae": 0.07973356544971466, "val_mse": 0.009218522347509861}