{"loss": 0.041260574012994766, "mae": 0.14744384586811066, "mse": 0.041260574012994766, "val_loss": 0.010221372358500957, "val_mae": 0.08361519128084183, "val_mse": 0.010221372358500957}