{"loss": 0.056733954697847366, "mae": 0.18009069561958313, "mse": 0.056733954697847366, "val_loss": 0.015824446454644203, "val_mae": 0.09984114021062851, "val_mse": 0.015824446454644203}