{"loss": 0.04791798070073128, "mae": 0.16190218925476074, "mse": 0.04791798070073128, "val_loss": 0.01450437307357788, "val_mae": 0.09844165295362473, "val_mse": 0.01450437307357788}