{"loss": 0.042745549231767654, "mae": 0.15102380514144897, "mse": 0.042745549231767654, "val_loss": 0.009307445026934147, "val_mae": 0.0786069929599762, "val_mse": 0.009307445026934147}