{"loss": 0.04947354272007942, "mae": 0.16544796526432037, "mse": 0.04947354272007942, "val_loss": 0.011222179047763348, "val_mae": 0.0845719426870346, "val_mse": 0.011222179047763348}