{"loss": 0.044320303946733475, "mae": 0.15441885590553284, "mse": 0.044320303946733475, "val_loss": 0.009137296117842197, "val_mae": 0.07867080718278885, "val_mse": 0.009137296117842197}