{"loss": 0.04485553875565529, "mae": 0.15622873604297638, "mse": 0.04485553875565529, "val_loss": 0.01214945875108242, "val_mae": 0.08955786377191544, "val_mse": 0.01214945875108242}