{"loss": 0.04422825947403908, "mae": 0.1548881083726883, "mse": 0.04422825947403908, "val_loss": 0.011968600563704967, "val_mae": 0.08956210315227509, "val_mse": 0.011968600563704967}