{"loss": 0.04136432707309723, "mae": 0.14763343334197998, "mse": 0.04136432707309723, "val_loss": 0.00896317046135664, "val_mae": 0.07757460325956345, "val_mse": 0.00896317046135664}