{"loss": 0.043883394449949265, "mae": 0.15361076593399048, "mse": 0.043883394449949265, "val_loss": 0.011310836300253868, "val_mae": 0.08657766133546829, "val_mse": 0.011310836300253868}