{"loss": 0.04666442051529884, "mae": 0.16008487343788147, "mse": 0.04666442051529884, "val_loss": 0.01307656615972519, "val_mae": 0.09419730305671692, "val_mse": 0.01307656615972519}