{"loss": 0.042180437594652176, "mae": 0.1492384821176529, "mse": 0.042180437594652176, "val_loss": 0.008644471876323223, "val_mae": 0.07746847718954086, "val_mse": 0.008644471876323223}