{"loss": 0.04246803745627403, "mae": 0.14996972680091858, "mse": 0.04246803745627403, "val_loss": 0.012924740090966225, "val_mae": 0.09153707325458527, "val_mse": 0.012924740090966225}