{"loss": 0.0423484705388546, "mae": 0.15012720227241516, "mse": 0.0423484705388546, "val_loss": 0.008985376916825771, "val_mae": 0.07711546123027802, "val_mse": 0.008985376916825771}