{"loss": 0.04501781985163689, "mae": 0.15624292194843292, "mse": 0.04501781985163689, "val_loss": 0.010093663819134235, "val_mae": 0.08246196061372757, "val_mse": 0.010093663819134235}