{"loss": 0.0420876108109951, "mae": 0.1495843529701233, "mse": 0.0420876108109951, "val_loss": 0.009375925175845623, "val_mae": 0.08073163032531738, "val_mse": 0.009375925175845623}