{"loss": 0.041789859533309937, "mae": 0.14826980233192444, "mse": 0.041789859533309937, "val_loss": 0.009182440117001534, "val_mae": 0.07792991399765015, "val_mse": 0.009182440117001534}