{"loss": 0.06681905686855316, "mae": 0.19746728241443634, "mse": 0.06681905686855316, "val_loss": 0.02211054041981697, "val_mae": 0.11559784412384033, "val_mse": 0.02211054041981697}