{"loss": 0.041318587958812714, "mae": 0.14745937287807465, "mse": 0.041318587958812714, "val_loss": 0.011036191135644913, "val_mae": 0.08610104769468307, "val_mse": 0.011036191135644913}