{"loss": 0.04198288917541504, "mae": 0.14885948598384857, "mse": 0.04198288917541504, "val_loss": 0.008425324223935604, "val_mae": 0.07603900134563446, "val_mse": 0.008425324223935604}