{"loss": 0.05219859257340431, "mae": 0.17106518149375916, "mse": 0.05219859257340431, "val_loss": 0.01466069184243679, "val_mae": 0.0973043218255043, "val_mse": 0.01466069184243679}