{"loss": 0.04207625985145569, "mae": 0.14920756220817566, "mse": 0.04207625985145569, "val_loss": 0.010714717209339142, "val_mae": 0.08248607069253922, "val_mse": 0.010714717209339142}