{"loss": 0.043151892721652985, "mae": 0.15178534388542175, "mse": 0.043151892721652985, "val_loss": 0.009855925105512142, "val_mae": 0.08184898644685745, "val_mse": 0.009855925105512142}