{"loss": 0.043088771402835846, "mae": 0.1517888754606247, "mse": 0.043088771402835846, "val_loss": 0.009736395440995693, "val_mae": 0.08220720291137695, "val_mse": 0.009736395440995693}