{"loss": 0.012405958957970142, "mae": 0.07877624779939651, "mse": 0.012405958957970142, "val_loss": 0.0015706031117588282, "val_mae": 0.031985312700271606, "val_mse": 0.0015706031117588282}