{"loss": 0.012339849025011063, "mae": 0.07852403819561005, "mse": 0.012339849025011063, "val_loss": 0.0013609824236482382, "val_mae": 0.029738549143075943, "val_mse": 0.0013609824236482382}