{"loss": 0.014279861934483051, "mae": 0.08649314939975739, "mse": 0.014279861934483051, "val_loss": 0.0020093265920877457, "val_mae": 0.03456820920109749, "val_mse": 0.0020093265920877457}