{"loss": 0.01359524019062519, "mae": 0.08401073515415192, "mse": 0.01359524019062519, "val_loss": 0.0014630792429670691, "val_mae": 0.028848016634583473, "val_mse": 0.0014630792429670691}