{"loss": 0.012754146941006184, "mae": 0.08032992482185364, "mse": 0.012754146941006184, "val_loss": 0.001373950974084437, "val_mae": 0.02873794361948967, "val_mse": 0.001373950974084437}