{"loss": 0.01235957257449627, "mae": 0.07868926972150803, "mse": 0.01235957257449627, "val_loss": 0.0013666868908330798, "val_mae": 0.029755087569355965, "val_mse": 0.0013666868908330798}