{"loss": 0.013143211603164673, "mae": 0.08212199807167053, "mse": 0.013143211603164673, "val_loss": 0.0016699798870831728, "val_mae": 0.03261152654886246, "val_mse": 0.0016699798870831728}