{"loss": 0.014911917969584465, "mae": 0.08898044377565384, "mse": 0.014911917969584465, "val_loss": 0.002117314375936985, "val_mae": 0.035282209515571594, "val_mse": 0.002117314375936985}