{"loss": 0.012556556612253189, "mae": 0.0793277770280838, "mse": 0.012556556612253189, "val_loss": 0.0012103542685508728, "val_mae": 0.02717352658510208, "val_mse": 0.0012103542685508728}