{"loss": 0.015905076637864113, "mae": 0.09214337915182114, "mse": 0.015905076637864113, "val_loss": 0.002733149565756321, "val_mae": 0.04031999036669731, "val_mse": 0.002733149565756321}