{"loss": 0.012329071760177612, "mae": 0.0785585269331932, "mse": 0.012329071760177612, "val_loss": 0.0013098684139549732, "val_mae": 0.02862362749874592, "val_mse": 0.0013098684139549732}