{"loss": 0.012668519280850887, "mae": 0.07977616786956787, "mse": 0.012668519280850887, "val_loss": 0.0017197859706357121, "val_mae": 0.033664654940366745, "val_mse": 0.0017197859706357121}