{"loss": 0.01235244981944561, "mae": 0.07863377779722214, "mse": 0.01235244981944561, "val_loss": 0.0013143534306436777, "val_mae": 0.028967684134840965, "val_mse": 0.0013143534306436777}