{"loss": 0.012681106105446815, "mae": 0.07988330721855164, "mse": 0.012681106105446815, "val_loss": 0.0015980607131496072, "val_mae": 0.0317932553589344, "val_mse": 0.0015980607131496072}