{"loss": 0.013481342233717442, "mae": 0.08356673270463943, "mse": 0.013481342233717442, "val_loss": 0.0014518946409225464, "val_mae": 0.02965370938181877, "val_mse": 0.0014518946409225464}