{"loss": 0.01249182689934969, "mae": 0.07903983443975449, "mse": 0.01249182689934969, "val_loss": 0.0012405946617946029, "val_mae": 0.028297845274209976, "val_mse": 0.0012405946617946029}