{"loss": 0.012904618866741657, "mae": 0.08118098974227905, "mse": 0.012904618866741657, "val_loss": 0.0013780251611024141, "val_mae": 0.02883297950029373, "val_mse": 0.0013780251611024141}