{"loss": 0.012810656800866127, "mae": 0.08043943345546722, "mse": 0.012810656800866127, "val_loss": 0.0015332926996052265, "val_mae": 0.030617889016866684, "val_mse": 0.0015332926996052265}