{"loss": 0.013101818971335888, "mae": 0.08175737410783768, "mse": 0.013101818971335888, "val_loss": 0.0015587203670293093, "val_mae": 0.031147966161370277, "val_mse": 0.0015587203670293093}