{"loss": 0.012471850961446762, "mae": 0.07922221720218658, "mse": 0.012471850961446762, "val_loss": 0.0014419109793379903, "val_mae": 0.03021959587931633, "val_mse": 0.0014419109793379903}