{"loss": 0.012399932369589806, "mae": 0.07877206802368164, "mse": 0.012399932369589806, "val_loss": 0.001436391263268888, "val_mae": 0.029873929917812347, "val_mse": 0.001436391263268888}