{"loss": 0.05705157294869423, "mae": 0.17489133775234222, "mse": 0.05705157294869423, "val_loss": 0.00956384651362896, "val_mae": 0.07397451996803284, "val_mse": 0.00956384651362896}