{"loss": 0.012937094084918499, "mae": 0.08116183429956436, "mse": 0.012937094084918499, "val_loss": 0.0017570911440998316, "val_mae": 0.033367473632097244, "val_mse": 0.0017570911440998316}