{"loss": 0.013286015018820763, "mae": 0.08273981511592865, "mse": 0.013286015018820763, "val_loss": 0.0020298196468502283, "val_mae": 0.03533291071653366, "val_mse": 0.0020298196468502283}