{"loss": 0.014540234580636024, "mae": 0.08749628067016602, "mse": 0.014540234580636024, "val_loss": 0.0023413030430674553, "val_mae": 0.03660527616739273, "val_mse": 0.0023413030430674553}