{"loss": 0.017122050747275352, "mae": 0.09621190279722214, "mse": 0.017122050747275352, "val_loss": 0.0029522895347326994, "val_mae": 0.04144962877035141, "val_mse": 0.0029522895347326994}