{"loss": 0.012691482901573181, "mae": 0.08004841953516006, "mse": 0.012691482901573181, "val_loss": 0.0015841653803363442, "val_mae": 0.03173474222421646, "val_mse": 0.0015841653803363442}