{"loss": 0.012781991623342037, "mae": 0.08052095025777817, "mse": 0.012781991623342037, "val_loss": 0.0014669019728899002, "val_mae": 0.029787588864564896, "val_mse": 0.0014669019728899002}