{"loss": 0.013154104351997375, "mae": 0.082235187292099, "mse": 0.013154104351997375, "val_loss": 0.001496334676630795, "val_mae": 0.029667066410183907, "val_mse": 0.001496334676630795}