{"loss": 0.012694218195974827, "mae": 0.08008398860692978, "mse": 0.012694218195974827, "val_loss": 0.0013897904427722096, "val_mae": 0.028979646041989326, "val_mse": 0.0013897904427722096}