{"loss": 0.012571875937283039, "mae": 0.07950398325920105, "mse": 0.012571875937283039, "val_loss": 0.0013842865591868758, "val_mae": 0.029431890696287155, "val_mse": 0.0013842865591868758}