{"loss": 0.013024035841226578, "mae": 0.08164191246032715, "mse": 0.013024035841226578, "val_loss": 0.0015930269146338105, "val_mae": 0.031066328287124634, "val_mse": 0.0015930269146338105}