{"loss": 0.01272484939545393, "mae": 0.08010542392730713, "mse": 0.01272484939545393, "val_loss": 0.0014615406980738044, "val_mae": 0.030467629432678223, "val_mse": 0.0014615406980738044}