{"loss": 0.012473025359213352, "mae": 0.07919175177812576, "mse": 0.012473025359213352, "val_loss": 0.001358705572783947, "val_mae": 0.02880818396806717, "val_mse": 0.001358705572783947}