{"loss": 0.01242291834205389, "mae": 0.078781858086586, "mse": 0.01242291834205389, "val_loss": 0.0014115445083007216, "val_mae": 0.029732422903180122, "val_mse": 0.0014115445083007216}