{"loss": 0.020852908492088318, "mae": 0.10677734017372131, "mse": 0.020852908492088318, "val_loss": 0.004065592773258686, "val_mae": 0.047575876116752625, "val_mse": 0.004065592773258686}