{"loss": 0.012855062261223793, "mae": 0.08076134324073792, "mse": 0.012855062261223793, "val_loss": 0.001409658812917769, "val_mae": 0.029396193102002144, "val_mse": 0.001409658812917769}