{"loss": 0.013969327323138714, "mae": 0.08555152267217636, "mse": 0.013969327323138714, "val_loss": 0.0017028674483299255, "val_mae": 0.031663380563259125, "val_mse": 0.0017028674483299255}