{"loss": 0.013434601947665215, "mae": 0.08325541764497757, "mse": 0.013434601947665215, "val_loss": 0.001659729634411633, "val_mae": 0.031733132898807526, "val_mse": 0.001659729634411633}