{"loss": 0.012456714175641537, "mae": 0.07905194908380508, "mse": 0.012456714175641537, "val_loss": 0.0014605498872697353, "val_mae": 0.029992343857884407, "val_mse": 0.0014605498872697353}