{"loss": 0.012393598444759846, "mae": 0.07908480614423752, "mse": 0.012393598444759846, "val_loss": 0.0013522366061806679, "val_mae": 0.028400028124451637, "val_mse": 0.0013522366061806679}