{"loss": 0.013820197433233261, "mae": 0.08485671877861023, "mse": 0.013820197433233261, "val_loss": 0.0018953774124383926, "val_mae": 0.03366899490356445, "val_mse": 0.0018953774124383926}