{"loss": 0.03775758668780327, "mae": 0.14331504702568054, "mse": 0.03775758668780327, "val_loss": 0.014527035877108574, "val_mae": 0.08711428940296173, "val_mse": 0.014527035877108574}