{"loss": 0.027470190078020096, "mae": 0.11985999345779419, "mse": 0.027470190078020096, "val_loss": 0.006497206632047892, "val_mae": 0.05960267782211304, "val_mse": 0.006497206632047892}