{"loss": 0.025939257815480232, "mae": 0.11717052757740021, "mse": 0.025939257815480232, "val_loss": 0.004864679183810949, "val_mae": 0.05228361114859581, "val_mse": 0.004864679183810949}