{"loss": 0.03180871903896332, "mae": 0.13065457344055176, "mse": 0.03180871903896332, "val_loss": 0.012430737726390362, "val_mae": 0.07903555035591125, "val_mse": 0.012430737726390362}