{"loss": 0.02485329657793045, "mae": 0.11408358812332153, "mse": 0.02485329657793045, "val_loss": 0.006847253069281578, "val_mae": 0.0627746731042862, "val_mse": 0.006847253069281578}