{"loss": 0.02816827967762947, "mae": 0.12159378081560135, "mse": 0.02816827967762947, "val_loss": 0.01650572009384632, "val_mae": 0.09002921730279922, "val_mse": 0.01650572009384632}