{"loss": 0.028081592172384262, "mae": 0.12188376486301422, "mse": 0.028081592172384262, "val_loss": 0.007433546707034111, "val_mae": 0.06623434275388718, "val_mse": 0.007433546707034111}