{"loss": 0.025069206953048706, "mae": 0.1142985001206398, "mse": 0.025069206953048706, "val_loss": 0.005979887675493956, "val_mae": 0.05806965380907059, "val_mse": 0.005979887675493956}