{"loss": 0.025182312354445457, "mae": 0.11538065969944, "mse": 0.025182312354445457, "val_loss": 0.005237138364464045, "val_mae": 0.05440725386142731, "val_mse": 0.005237138364464045}