{"loss": 0.026444517076015472, "mae": 0.11757991462945938, "mse": 0.026444517076015472, "val_loss": 0.006118869408965111, "val_mae": 0.06358245760202408, "val_mse": 0.006118869408965111}