{"loss": 0.030320821329951286, "mae": 0.12726275622844696, "mse": 0.030320821329951286, "val_loss": 0.008869925513863564, "val_mae": 0.06876343488693237, "val_mse": 0.008869925513863564}