{"loss": 0.025961650535464287, "mae": 0.1163346990942955, "mse": 0.025961650535464287, "val_loss": 0.0062704430893063545, "val_mae": 0.06123901531100273, "val_mse": 0.0062704430893063545}