{"loss": 0.029464570805430412, "mae": 0.12425851821899414, "mse": 0.029464570805430412, "val_loss": 0.008166912011802197, "val_mae": 0.06651638448238373, "val_mse": 0.008166912011802197}