{"loss": 0.026577327400445938, "mae": 0.11856900900602341, "mse": 0.026577327400445938, "val_loss": 0.005420807283371687, "val_mae": 0.0550270639359951, "val_mse": 0.005420807283371687}