{"loss": 0.025965161621570587, "mae": 0.11555349081754684, "mse": 0.025965161621570587, "val_loss": 0.0058318316005170345, "val_mae": 0.05454350262880325, "val_mse": 0.0058318316005170345}