{"loss": 0.024405453354120255, "mae": 0.11312557756900787, "mse": 0.024405453354120255, "val_loss": 0.005615840200334787, "val_mae": 0.05789438635110855, "val_mse": 0.005615840200334787}