{"loss": 0.029340628534555435, "mae": 0.12458927184343338, "mse": 0.029340628534555435, "val_loss": 0.008486838079988956, "val_mae": 0.06747103482484818, "val_mse": 0.008486838079988956}