{"loss": 0.025342462584376335, "mae": 0.11568544059991837, "mse": 0.025342462584376335, "val_loss": 0.006530138198286295, "val_mae": 0.0602584183216095, "val_mse": 0.006530138198286295}