{"loss": 0.02622140385210514, "mae": 0.1172315776348114, "mse": 0.02622140385210514, "val_loss": 0.005856775213032961, "val_mae": 0.05976714566349983, "val_mse": 0.005856775213032961}