{"loss": 0.024024078622460365, "mae": 0.11232683062553406, "mse": 0.024024078622460365, "val_loss": 0.005670171696692705, "val_mae": 0.057607002556324005, "val_mse": 0.005670171696692705}