{"loss": 0.02720721624791622, "mae": 0.11965593695640564, "mse": 0.02720721624791622, "val_loss": 0.006786879617720842, "val_mae": 0.05828263983130455, "val_mse": 0.006786879617720842}