{"loss": 0.026237206533551216, "mae": 0.11806841939687729, "mse": 0.026237206533551216, "val_loss": 0.006051178090274334, "val_mae": 0.05527109652757645, "val_mse": 0.006051178090274334}