{"loss": 0.07535813748836517, "mae": 0.20512670278549194, "mse": 0.07535813748836517, "val_loss": 0.0169802438467741, "val_mae": 0.09541302174329758, "val_mse": 0.0169802438467741}