{"loss": 0.028105352073907852, "mae": 0.12116838991641998, "mse": 0.028105352073907852, "val_loss": 0.007193827070295811, "val_mae": 0.06297928839921951, "val_mse": 0.007193827070295811}