{"loss": 0.029258819296956062, "mae": 0.12408430129289627, "mse": 0.029258819296956062, "val_loss": 0.007647346705198288, "val_mae": 0.06571945548057556, "val_mse": 0.007647346705198288}