{"loss": 0.02601405791938305, "mae": 0.11682437360286713, "mse": 0.02601405791938305, "val_loss": 0.007412565406411886, "val_mae": 0.06362554430961609, "val_mse": 0.007412565406411886}