{"loss": 0.021348174661397934, "mae": 0.10430476069450378, "mse": 0.021348174661397934, "val_loss": 0.0041414774022996426, "val_mae": 0.049065589904785156, "val_mse": 0.0041414774022996426}