{"loss": 0.020370351150631905, "mae": 0.10160169005393982, "mse": 0.020370351150631905, "val_loss": 0.0027536156121641397, "val_mae": 0.04181277006864548, "val_mse": 0.0027536156121641397}