{"loss": 0.021097911521792412, "mae": 0.10328800976276398, "mse": 0.021097911521792412, "val_loss": 0.003586202161386609, "val_mae": 0.04559384286403656, "val_mse": 0.003586202161386609}