{"loss": 0.021576521918177605, "mae": 0.10528603196144104, "mse": 0.021576521918177605, "val_loss": 0.004109245724976063, "val_mae": 0.05070827156305313, "val_mse": 0.004109245724976063}