{"loss": 0.021446315571665764, "mae": 0.10476928949356079, "mse": 0.021446315571665764, "val_loss": 0.005000242497771978, "val_mae": 0.05386229604482651, "val_mse": 0.005000242497771978}