{"loss": 0.023409800603985786, "mae": 0.1106768399477005, "mse": 0.023409800603985786, "val_loss": 0.0036741867661476135, "val_mae": 0.04745794087648392, "val_mse": 0.0036741867661476135}