{"loss": 0.020938245579600334, "mae": 0.10337797552347183, "mse": 0.020938245579600334, "val_loss": 0.003223949344828725, "val_mae": 0.04560670629143715, "val_mse": 0.003223949344828725}