{"loss": 0.02378718927502632, "mae": 0.11184641718864441, "mse": 0.02378718927502632, "val_loss": 0.004570099990814924, "val_mae": 0.052777133882045746, "val_mse": 0.004570099990814924}