{"loss": 0.02102985791862011, "mae": 0.1029435396194458, "mse": 0.02102985791862011, "val_loss": 0.0035531052853912115, "val_mae": 0.04629439488053322, "val_mse": 0.0035531052853912115}