{"loss": 0.020882589742541313, "mae": 0.10343893617391586, "mse": 0.020882589742541313, "val_loss": 0.0036431385669857264, "val_mae": 0.04724155366420746, "val_mse": 0.0036431385669857264}