{"loss": 0.07352930307388306, "mae": 0.20229367911815643, "mse": 0.07352930307388306, "val_loss": 0.014465926215052605, "val_mae": 0.08452655375003815, "val_mse": 0.014465926215052605}