{"loss": 0.02186870016157627, "mae": 0.10646280646324158, "mse": 0.02186870016157627, "val_loss": 0.0045640310272574425, "val_mae": 0.05286545678973198, "val_mse": 0.0045640310272574425}