{"loss": 0.022571859881281853, "mae": 0.10837498307228088, "mse": 0.022571859881281853, "val_loss": 0.00442257896065712, "val_mae": 0.053195394575595856, "val_mse": 0.00442257896065712}