{"loss": 0.02209077775478363, "mae": 0.10682450979948044, "mse": 0.02209077775478363, "val_loss": 0.004840580280870199, "val_mae": 0.05457105115056038, "val_mse": 0.004840580280870199}