{"loss": 0.02070791833102703, "mae": 0.10238076746463776, "mse": 0.02070791833102703, "val_loss": 0.003391158999875188, "val_mae": 0.04432164132595062, "val_mse": 0.003391158999875188}