{"loss": 0.0228174589574337, "mae": 0.10897967964410782, "mse": 0.0228174589574337, "val_loss": 0.00486807432025671, "val_mae": 0.0555681437253952, "val_mse": 0.00486807432025671}