{"loss": 0.021002061665058136, "mae": 0.10329173505306244, "mse": 0.021002061665058136, "val_loss": 0.003245498053729534, "val_mae": 0.045398201793432236, "val_mse": 0.003245498053729534}