{"loss": 0.020204955711960793, "mae": 0.10101792216300964, "mse": 0.020204955711960793, "val_loss": 0.0030414245557039976, "val_mae": 0.04401284456253052, "val_mse": 0.0030414245557039976}