{"loss": 0.033590223640203476, "mae": 0.13454768061637878, "mse": 0.033590223640203476, "val_loss": 0.009381228126585484, "val_mae": 0.07272319495677948, "val_mse": 0.009381228126585484}