{"loss": 0.027822695672512054, "mae": 0.12210473418235779, "mse": 0.027822695672512054, "val_loss": 0.006911538541316986, "val_mae": 0.06549759954214096, "val_mse": 0.006911538541316986}