{"loss": 0.020442288368940353, "mae": 0.10174261778593063, "mse": 0.020442288368940353, "val_loss": 0.0028932024724781513, "val_mae": 0.04230703040957451, "val_mse": 0.0028932024724781513}