{"loss": 0.020212767645716667, "mae": 0.10106776654720306, "mse": 0.020212767645716667, "val_loss": 0.003219004487618804, "val_mae": 0.04436802119016647, "val_mse": 0.003219004487618804}