{"loss": 0.020655812695622444, "mae": 0.10174603015184402, "mse": 0.020655812695622444, "val_loss": 0.004079778678715229, "val_mae": 0.0484660267829895, "val_mse": 0.004079778678715229}