{"loss": 0.020240508019924164, "mae": 0.10135779529809952, "mse": 0.020240508019924164, "val_loss": 0.0035835341550409794, "val_mae": 0.04795195162296295, "val_mse": 0.0035835341550409794}