{"loss": 0.020469453185796738, "mae": 0.10188803821802139, "mse": 0.020469453185796738, "val_loss": 0.0035611717030406, "val_mae": 0.04700441285967827, "val_mse": 0.0035611717030406}