{"loss": 0.020331816747784615, "mae": 0.10152563452720642, "mse": 0.020331816747784615, "val_loss": 0.002735068555921316, "val_mae": 0.040487151592969894, "val_mse": 0.002735068555921316}