{"loss": 0.02457580342888832, "mae": 0.11378418654203415, "mse": 0.02457580342888832, "val_loss": 0.00466234190389514, "val_mae": 0.0521562397480011, "val_mse": 0.00466234190389514}