{"loss": 0.025766121223568916, "mae": 0.1170811802148819, "mse": 0.025766121223568916, "val_loss": 0.005586019717156887, "val_mae": 0.05803295969963074, "val_mse": 0.005586019717156887}