{"loss": 0.021049771457910538, "mae": 0.1035086065530777, "mse": 0.021049771457910538, "val_loss": 0.0030158257577568293, "val_mae": 0.0435047447681427, "val_mse": 0.0030158257577568293}