{"loss": 0.020566929131746292, "mae": 0.10204354673624039, "mse": 0.020566929131746292, "val_loss": 0.003844078164547682, "val_mae": 0.04906347393989563, "val_mse": 0.003844078164547682}