{"loss": 0.02208566851913929, "mae": 0.10648281872272491, "mse": 0.02208566851913929, "val_loss": 0.003927437122911215, "val_mae": 0.04944717511534691, "val_mse": 0.003927437122911215}