{"loss": 0.017815541476011276, "mae": 0.09448647499084473, "mse": 0.017815541476011276, "val_loss": 0.0048223454505205154, "val_mae": 0.03840269148349762, "val_mse": 0.0048223454505205154}