{"loss": 0.01172572560608387, "mae": 0.07499591261148453, "mse": 0.01172572560608387, "val_loss": 0.003805047832429409, "val_mae": 0.03084789216518402, "val_mse": 0.003805047832429409}