{"loss": 0.007588299922645092, "mae": 0.06063156947493553, "mse": 0.007588299922645092, "val_loss": 0.0022743220906704664, "val_mae": 0.020314982160925865, "val_mse": 0.0022743220906704664}