{"loss": 0.009565587155520916, "mae": 0.06707604974508286, "mse": 0.009565587155520916, "val_loss": 0.0031167701818048954, "val_mae": 0.028156988322734833, "val_mse": 0.0031167701818048954}