{"loss": 0.007984763011336327, "mae": 0.06187384948134422, "mse": 0.007984763011336327, "val_loss": 0.0014535606605932117, "val_mae": 0.016409026458859444, "val_mse": 0.0014535606605932117}