{"loss": 0.00857449695467949, "mae": 0.06379140913486481, "mse": 0.00857449695467949, "val_loss": 0.0028121203649789095, "val_mae": 0.02684018202126026, "val_mse": 0.0028121203649789095}