{"loss": 0.010106828995049, "mae": 0.06903211027383804, "mse": 0.010106828995049, "val_loss": 0.0037581066135317087, "val_mae": 0.03816719725728035, "val_mse": 0.0037581066135317087}