{"loss": 0.009116648696362972, "mae": 0.06548743695020676, "mse": 0.009116648696362972, "val_loss": 0.0040374454110860825, "val_mae": 0.029244733974337578, "val_mse": 0.0040374454110860825}