{"loss": 0.00764516182243824, "mae": 0.060691189020872116, "mse": 0.00764516182243824, "val_loss": 0.0015878421254456043, "val_mae": 0.019560929387807846, "val_mse": 0.0015878421254456043}