{"loss": 0.007880209013819695, "mae": 0.06169859319925308, "mse": 0.007880209013819695, "val_loss": 0.00162616022862494, "val_mae": 0.018439408391714096, "val_mse": 0.00162616022862494}