{"loss": 0.008521274663507938, "mae": 0.06351576745510101, "mse": 0.008521274663507938, "val_loss": 0.0019161992240697145, "val_mae": 0.020867982879281044, "val_mse": 0.0019161992240697145}