{"loss": 0.007754689548164606, "mae": 0.06116005778312683, "mse": 0.007754689548164606, "val_loss": 0.0018171787960454822, "val_mae": 0.020184505730867386, "val_mse": 0.0018171787960454822}