{"loss": 0.013398486189544201, "mae": 0.08085466176271439, "mse": 0.013398486189544201, "val_loss": 0.0042165471240878105, "val_mae": 0.03565659001469612, "val_mse": 0.0042165471240878105}