{"loss": 0.04460439085960388, "mae": 0.15074396133422852, "mse": 0.04460439085960388, "val_loss": 0.008765213191509247, "val_mae": 0.05618506669998169, "val_mse": 0.008765213191509247}