{"loss": 0.008831324055790901, "mae": 0.06446482986211777, "mse": 0.008831324055790901, "val_loss": 0.0019887981470674276, "val_mae": 0.02156590297818184, "val_mse": 0.0019887981470674276}