{"loss": 0.007725371979176998, "mae": 0.061090435832738876, "mse": 0.007725371979176998, "val_loss": 0.0016439866740256548, "val_mae": 0.018941789865493774, "val_mse": 0.0016439866740256548}