{"loss": 0.008216023445129395, "mae": 0.062564916908741, "mse": 0.008216023445129395, "val_loss": 0.0021809011232107878, "val_mae": 0.023660151287913322, "val_mse": 0.0021809011232107878}