{"loss": 0.010746692307293415, "mae": 0.07138713449239731, "mse": 0.010746692307293415, "val_loss": 0.003692644415423274, "val_mae": 0.03570127114653587, "val_mse": 0.003692644415423274}