{"loss": 0.008055025711655617, "mae": 0.06221481412649155, "mse": 0.008055025711655617, "val_loss": 0.0018458955455571413, "val_mae": 0.017434915527701378, "val_mse": 0.0018458955455571413}