{"loss": 0.01717761904001236, "mae": 0.09489024430513382, "mse": 0.01717761904001236, "val_loss": 0.003565076272934675, "val_mae": 0.045183874666690826, "val_mse": 0.003565076272934675}