{"loss": 0.018324848264455795, "mae": 0.09848237037658691, "mse": 0.018324848264455795, "val_loss": 0.0037310724146664143, "val_mae": 0.04498673602938652, "val_mse": 0.0037310724146664143}