{"loss": 0.015562287531793118, "mae": 0.08990984410047531, "mse": 0.015562287531793118, "val_loss": 0.003510585520416498, "val_mae": 0.04568148031830788, "val_mse": 0.003510585520416498}