{"loss": 0.019822487607598305, "mae": 0.10279174149036407, "mse": 0.019822487607598305, "val_loss": 0.005620830692350864, "val_mae": 0.056745246052742004, "val_mse": 0.005620830692350864}