{"loss": 0.016101468354463577, "mae": 0.09159042686223984, "mse": 0.016101468354463577, "val_loss": 0.003032947424799204, "val_mae": 0.042298004031181335, "val_mse": 0.003032947424799204}