{"loss": 0.016463249921798706, "mae": 0.0932392105460167, "mse": 0.016463249921798706, "val_loss": 0.00316036818549037, "val_mae": 0.04182229936122894, "val_mse": 0.00316036818549037}