{"loss": 0.058685142546892166, "mae": 0.1761734038591385, "mse": 0.058685142546892166, "val_loss": 0.011378363706171513, "val_mae": 0.07430323213338852, "val_mse": 0.011378363706171513}