{"loss": 0.024364052340388298, "mae": 0.11372543126344681, "mse": 0.024364052340388298, "val_loss": 0.006010029464960098, "val_mae": 0.055435553193092346, "val_mse": 0.006010029464960098}