{"loss": 0.02077757753431797, "mae": 0.10383688658475876, "mse": 0.02077757753431797, "val_loss": 0.0028564489912241697, "val_mae": 0.043785084038972855, "val_mse": 0.0028564489912241697}