{"loss": 0.021622462198138237, "mae": 0.10649602115154266, "mse": 0.021622462198138237, "val_loss": 0.0031968627590686083, "val_mae": 0.04622636362910271, "val_mse": 0.0031968627590686083}