{"loss": 0.0226006917655468, "mae": 0.10990527272224426, "mse": 0.0226006917655468, "val_loss": 0.0029954593628644943, "val_mae": 0.04423286020755768, "val_mse": 0.0029954593628644943}