{"loss": 0.020398803055286407, "mae": 0.10256920754909515, "mse": 0.020398803055286407, "val_loss": 0.0026851273141801357, "val_mae": 0.042213305830955505, "val_mse": 0.0026851273141801357}