{"loss": 0.020682157948613167, "mae": 0.10352757573127747, "mse": 0.020682157948613167, "val_loss": 0.003069543279707432, "val_mae": 0.04548294097185135, "val_mse": 0.003069543279707432}