{"loss": 0.02407989650964737, "mae": 0.11450491845607758, "mse": 0.02407989650964737, "val_loss": 0.0036102922167629004, "val_mae": 0.04820910841226578, "val_mse": 0.0036102922167629004}