{"loss": 0.02068614587187767, "mae": 0.10329791903495789, "mse": 0.02068614587187767, "val_loss": 0.002598225139081478, "val_mae": 0.04221243038773537, "val_mse": 0.002598225139081478}