{"loss": 0.02346421219408512, "mae": 0.11254514008760452, "mse": 0.02346421219408512, "val_loss": 0.0034081116318702698, "val_mae": 0.04679073020815849, "val_mse": 0.0034081116318702698}