{"loss": 0.03116772510111332, "mae": 0.13242852687835693, "mse": 0.03116772510111332, "val_loss": 0.0061678034253418446, "val_mae": 0.06286291033029556, "val_mse": 0.0061678034253418446}