{"loss": 0.020307233557105064, "mae": 0.10213137418031693, "mse": 0.020307233557105064, "val_loss": 0.002464687218889594, "val_mae": 0.040672559291124344, "val_mse": 0.002464687218889594}