{"loss": 0.02095692791044712, "mae": 0.10415095835924149, "mse": 0.02095692791044712, "val_loss": 0.002438963856548071, "val_mae": 0.03998249024152756, "val_mse": 0.002438963856548071}