{"loss": 0.022368086501955986, "mae": 0.10916751623153687, "mse": 0.022368086501955986, "val_loss": 0.003572859801352024, "val_mae": 0.048497315496206284, "val_mse": 0.003572859801352024}