{"loss": 0.0216952096670866, "mae": 0.10704801231622696, "mse": 0.0216952096670866, "val_loss": 0.003198979189619422, "val_mae": 0.04608672484755516, "val_mse": 0.003198979189619422}