{"loss": 0.02065546251833439, "mae": 0.1033455953001976, "mse": 0.02065546251833439, "val_loss": 0.002969263354316354, "val_mae": 0.04412144795060158, "val_mse": 0.002969263354316354}