{"loss": 0.020370248705148697, "mae": 0.10231394320726395, "mse": 0.020370248705148697, "val_loss": 0.0026563021820038557, "val_mae": 0.04244603216648102, "val_mse": 0.0026563021820038557}