{"loss": 0.02117088995873928, "mae": 0.10518678277730942, "mse": 0.02117088995873928, "val_loss": 0.003892239648848772, "val_mae": 0.049832116812467575, "val_mse": 0.003892239648848772}