{"loss": 0.020524250343441963, "mae": 0.10276246815919876, "mse": 0.020524250343441963, "val_loss": 0.0026827126275748014, "val_mae": 0.04316117241978645, "val_mse": 0.0026827126275748014}