{"loss": 0.06721258908510208, "mae": 0.1952940672636032, "mse": 0.06721258908510208, "val_loss": 0.010193219408392906, "val_mae": 0.07136432081460953, "val_mse": 0.010193219408392906}