{"loss": 0.02049415558576584, "mae": 0.10246012359857559, "mse": 0.02049415558576584, "val_loss": 0.00270628253929317, "val_mae": 0.04337804391980171, "val_mse": 0.00270628253929317}