{"loss": 0.0215463787317276, "mae": 0.10652178525924683, "mse": 0.0215463787317276, "val_loss": 0.0033043837174773216, "val_mae": 0.04659731686115265, "val_mse": 0.0033043837174773216}