{"loss": 0.026857919991016388, "mae": 0.12200473248958588, "mse": 0.026857919991016388, "val_loss": 0.005217750556766987, "val_mae": 0.057851728051900864, "val_mse": 0.005217750556766987}