{"loss": 0.02036437578499317, "mae": 0.10225121676921844, "mse": 0.02036437578499317, "val_loss": 0.0024733736645430326, "val_mae": 0.040811266750097275, "val_mse": 0.0024733736645430326}