{"loss": 0.022129319608211517, "mae": 0.10831707715988159, "mse": 0.022129319608211517, "val_loss": 0.002932809293270111, "val_mae": 0.04279056191444397, "val_mse": 0.002932809293270111}