{"loss": 0.021023020148277283, "mae": 0.10468737781047821, "mse": 0.021023020148277283, "val_loss": 0.0035435908939689398, "val_mae": 0.04896009340882301, "val_mse": 0.0035435908939689398}