{"loss": 0.025129126384854317, "mae": 0.11736482381820679, "mse": 0.025129126384854317, "val_loss": 0.0044267913326621056, "val_mae": 0.05404408276081085, "val_mse": 0.0044267913326621056}