{"loss": 0.021413654088974, "mae": 0.1058158203959465, "mse": 0.021413654088974, "val_loss": 0.0032633619848638773, "val_mae": 0.046064235270023346, "val_mse": 0.0032633619848638773}