{"loss": 0.020841548219323158, "mae": 0.10418500006198883, "mse": 0.020841548219323158, "val_loss": 0.002617965918034315, "val_mae": 0.04256374016404152, "val_mse": 0.002617965918034315}