{"loss": 0.02068362757563591, "mae": 0.10345389693975449, "mse": 0.02068362757563591, "val_loss": 0.003058074275031686, "val_mae": 0.04558867961168289, "val_mse": 0.003058074275031686}