{"loss": 0.020420005545020103, "mae": 0.10256416350603104, "mse": 0.020420005545020103, "val_loss": 0.0029470818117260933, "val_mae": 0.044588614255189896, "val_mse": 0.0029470818117260933}