{"loss": 0.020484616979956627, "mae": 0.10264253616333008, "mse": 0.020484616979956627, "val_loss": 0.002735497895628214, "val_mae": 0.04266582801938057, "val_mse": 0.002735497895628214}