{"loss": 0.02045758068561554, "mae": 0.10263511538505554, "mse": 0.02045758068561554, "val_loss": 0.002678302116692066, "val_mae": 0.0432470440864563, "val_mse": 0.002678302116692066}