{"loss": 0.020655162632465363, "mae": 0.1032332256436348, "mse": 0.020655162632465363, "val_loss": 0.00229817652143538, "val_mae": 0.03896806389093399, "val_mse": 0.00229817652143538}