{"loss": 0.020790783688426018, "mae": 0.1037980169057846, "mse": 0.020790783688426018, "val_loss": 0.0027228305116295815, "val_mae": 0.04198434576392174, "val_mse": 0.0027228305116295815}