{"loss": 0.020592212677001953, "mae": 0.10302042216062546, "mse": 0.020592212677001953, "val_loss": 0.0029394489247351885, "val_mae": 0.044382981956005096, "val_mse": 0.0029394489247351885}