{"loss": 0.020977824926376343, "mae": 0.10463014990091324, "mse": 0.020977824926376343, "val_loss": 0.0032213404774665833, "val_mae": 0.04605880752205849, "val_mse": 0.0032213404774665833}