{"loss": 0.023036763072013855, "mae": 0.11125684529542923, "mse": 0.023036763072013855, "val_loss": 0.003264254191890359, "val_mae": 0.04501838609576225, "val_mse": 0.003264254191890359}