{"loss": 0.021883096545934677, "mae": 0.10773465037345886, "mse": 0.021883096545934677, "val_loss": 0.0032151781488209963, "val_mae": 0.04567824676632881, "val_mse": 0.0032151781488209963}