{"loss": 0.02120337262749672, "mae": 0.10530489683151245, "mse": 0.02120337262749672, "val_loss": 0.003110082121565938, "val_mae": 0.044658418744802475, "val_mse": 0.003110082121565938}