{"loss": 0.0204203762114048, "mae": 0.10239007323980331, "mse": 0.0204203762114048, "val_loss": 0.0026126273442059755, "val_mae": 0.04146328568458557, "val_mse": 0.0026126273442059755}