{"loss": 0.02148602157831192, "mae": 0.10640106350183487, "mse": 0.02148602157831192, "val_loss": 0.004261841531842947, "val_mae": 0.051466722041368484, "val_mse": 0.004261841531842947}