{"loss": 0.02162385731935501, "mae": 0.10694652795791626, "mse": 0.02162385731935501, "val_loss": 0.0034275695215910673, "val_mae": 0.04682572931051254, "val_mse": 0.0034275695215910673}