{"loss": 0.02762172743678093, "mae": 0.12175079435110092, "mse": 0.02762172743678093, "val_loss": 0.010197005234658718, "val_mae": 0.07150672376155853, "val_mse": 0.010197005234658718}