{"loss": 0.021417442709207535, "mae": 0.10630040615797043, "mse": 0.021417442709207535, "val_loss": 0.00407975260168314, "val_mae": 0.05075836181640625, "val_mse": 0.00407975260168314}