{"loss": 0.021208100020885468, "mae": 0.10592261701822281, "mse": 0.021208100020885468, "val_loss": 0.0026717763394117355, "val_mae": 0.04242022708058357, "val_mse": 0.0026717763394117355}