{"loss": 0.0273825041949749, "mae": 0.12120768427848816, "mse": 0.0273825041949749, "val_loss": 0.00547841377556324, "val_mae": 0.05566757172346115, "val_mse": 0.00547841377556324}