{"loss": 0.026617780327796936, "mae": 0.11935626715421677, "mse": 0.026617780327796936, "val_loss": 0.005368438083678484, "val_mae": 0.054358288645744324, "val_mse": 0.005368438083678484}