{"loss": 0.07484106719493866, "mae": 0.20499679446220398, "mse": 0.07484106719493866, "val_loss": 0.019796304404735565, "val_mae": 0.10591510683298111, "val_mse": 0.019796304404735565}