{"loss": 0.021946610882878304, "mae": 0.10790617018938065, "mse": 0.021946610882878304, "val_loss": 0.0035736169666051865, "val_mae": 0.0468471460044384, "val_mse": 0.0035736169666051865}