{"loss": 0.022307774052023888, "mae": 0.10859782248735428, "mse": 0.022307774052023888, "val_loss": 0.0027134378906339407, "val_mae": 0.04038102924823761, "val_mse": 0.0027134378906339407}