{"loss": 0.021772323176264763, "mae": 0.10769063979387283, "mse": 0.021772323176264763, "val_loss": 0.003131887409836054, "val_mae": 0.042944032698869705, "val_mse": 0.003131887409836054}