{"loss": 0.029507530853152275, "mae": 0.12548567354679108, "mse": 0.029507530853152275, "val_loss": 0.006511078216135502, "val_mae": 0.06290683895349503, "val_mse": 0.006511078216135502}