{"loss": 0.021979542449116707, "mae": 0.10771512985229492, "mse": 0.021979542449116707, "val_loss": 0.004012784920632839, "val_mae": 0.049791160970926285, "val_mse": 0.004012784920632839}