{"loss": 0.022658811882138252, "mae": 0.10953430831432343, "mse": 0.022658811882138252, "val_loss": 0.003715570317581296, "val_mae": 0.04899013042449951, "val_mse": 0.003715570317581296}