{"loss": 0.02254198119044304, "mae": 0.10901595652103424, "mse": 0.02254198119044304, "val_loss": 0.0047257994301617146, "val_mae": 0.050307851284742355, "val_mse": 0.0047257994301617146}