{"loss": 0.021710895001888275, "mae": 0.10756581276655197, "mse": 0.021710895001888275, "val_loss": 0.0043387808836996555, "val_mae": 0.0505429171025753, "val_mse": 0.0043387808836996555}