{"loss": 0.022530624642968178, "mae": 0.10882541537284851, "mse": 0.022530624642968178, "val_loss": 0.004217528738081455, "val_mae": 0.05270184949040413, "val_mse": 0.004217528738081455}