{"loss": 0.0234074704349041, "mae": 0.11094480007886887, "mse": 0.0234074704349041, "val_loss": 0.005078365094959736, "val_mae": 0.05345996096730232, "val_mse": 0.005078365094959736}