{"loss": 0.02258414216339588, "mae": 0.10938926041126251, "mse": 0.02258414216339588, "val_loss": 0.004098748322576284, "val_mae": 0.049265582114458084, "val_mse": 0.004098748322576284}