{"loss": 0.02331918478012085, "mae": 0.11128454655408859, "mse": 0.02331918478012085, "val_loss": 0.004189963918179274, "val_mae": 0.05174644663929939, "val_mse": 0.004189963918179274}