{"loss": 0.027805112302303314, "mae": 0.12113162130117416, "mse": 0.027805112302303314, "val_loss": 0.005083446856588125, "val_mae": 0.05649476870894432, "val_mse": 0.005083446856588125}