{"loss": 0.02300933375954628, "mae": 0.11010707169771194, "mse": 0.02300933375954628, "val_loss": 0.003808423411101103, "val_mae": 0.048355553299188614, "val_mse": 0.003808423411101103}