{"loss": 0.02856292761862278, "mae": 0.12409228086471558, "mse": 0.02856292761862278, "val_loss": 0.006615995895117521, "val_mae": 0.06344209611415863, "val_mse": 0.006615995895117521}