{"loss": 0.022355861961841583, "mae": 0.108595110476017, "mse": 0.022355861961841583, "val_loss": 0.00451671052724123, "val_mae": 0.05196584016084671, "val_mse": 0.00451671052724123}