{"loss": 0.022942693904042244, "mae": 0.11072785407304764, "mse": 0.022942693904042244, "val_loss": 0.004352123476564884, "val_mae": 0.052853018045425415, "val_mse": 0.004352123476564884}