{"loss": 0.022364705801010132, "mae": 0.10864870250225067, "mse": 0.022364705801010132, "val_loss": 0.0034516032319515944, "val_mae": 0.04685143008828163, "val_mse": 0.0034516032319515944}