{"loss": 0.026249606162309647, "mae": 0.11811863631010056, "mse": 0.026249606162309647, "val_loss": 0.005781907122582197, "val_mae": 0.05542716756463051, "val_mse": 0.005781907122582197}