{"loss": 0.021899783983826637, "mae": 0.10745484381914139, "mse": 0.021899783983826637, "val_loss": 0.003201975952833891, "val_mae": 0.04558330029249191, "val_mse": 0.003201975952833891}