{"loss": 0.02192349173128605, "mae": 0.10773821920156479, "mse": 0.02192349173128605, "val_loss": 0.004024808760732412, "val_mae": 0.05164879560470581, "val_mse": 0.004024808760732412}