{"loss": 0.02266920544207096, "mae": 0.10961969196796417, "mse": 0.02266920544207096, "val_loss": 0.003451467724516988, "val_mae": 0.04679477959871292, "val_mse": 0.003451467724516988}