{"loss": 0.021715233102440834, "mae": 0.10705156624317169, "mse": 0.021715233102440834, "val_loss": 0.0038264195900410414, "val_mae": 0.04951050877571106, "val_mse": 0.0038264195900410414}