{"loss": 0.022122930735349655, "mae": 0.10786886513233185, "mse": 0.022122930735349655, "val_loss": 0.0036830489989370108, "val_mae": 0.04819561168551445, "val_mse": 0.0036830489989370108}