{"loss": 0.021266687661409378, "mae": 0.10601110011339188, "mse": 0.021266687661409378, "val_loss": 0.004266758449375629, "val_mae": 0.051206398755311966, "val_mse": 0.004266758449375629}