{"loss": 0.021823644638061523, "mae": 0.10720619559288025, "mse": 0.021823644638061523, "val_loss": 0.0028214154299348593, "val_mae": 0.04194860905408859, "val_mse": 0.0028214154299348593}