{"loss": 0.025663157925009727, "mae": 0.1168477013707161, "mse": 0.025663157925009727, "val_loss": 0.005723406095057726, "val_mae": 0.05931542441248894, "val_mse": 0.005723406095057726}