{"loss": 0.0310395285487175, "mae": 0.1296694427728653, "mse": 0.0310395285487175, "val_loss": 0.008191253989934921, "val_mae": 0.07039319723844528, "val_mse": 0.008191253989934921}