{"loss": 0.02119038626551628, "mae": 0.10603295266628265, "mse": 0.02119038626551628, "val_loss": 0.0035662197042256594, "val_mae": 0.047908805310726166, "val_mse": 0.0035662197042256594}