{"loss": 0.021488267928361893, "mae": 0.10667859762907028, "mse": 0.021488267928361893, "val_loss": 0.003875340335071087, "val_mae": 0.05044826492667198, "val_mse": 0.003875340335071087}