{"loss": 0.022067081183195114, "mae": 0.10843193531036377, "mse": 0.022067081183195114, "val_loss": 0.0034411156084388494, "val_mae": 0.046580325812101364, "val_mse": 0.0034411156084388494}