{"loss": 0.025892339646816254, "mae": 0.11658643186092377, "mse": 0.025892339646816254, "val_loss": 0.0056457980535924435, "val_mae": 0.05803688243031502, "val_mse": 0.0056457980535924435}