{"loss": 0.02245473302900791, "mae": 0.10912231355905533, "mse": 0.02245473302900791, "val_loss": 0.005300878081470728, "val_mae": 0.05689827352762222, "val_mse": 0.005300878081470728}