{"loss": 0.02704021893441677, "mae": 0.11996401846408844, "mse": 0.02704021893441677, "val_loss": 0.00711101433262229, "val_mae": 0.06674680858850479, "val_mse": 0.00711101433262229}