{"loss": 0.022296272218227386, "mae": 0.10872666537761688, "mse": 0.022296272218227386, "val_loss": 0.006342677865177393, "val_mae": 0.061100319027900696, "val_mse": 0.006342677865177393}