{"loss": 0.039249587804079056, "mae": 0.14672636985778809, "mse": 0.039249587804079056, "val_loss": 0.013809414580464363, "val_mae": 0.08209831267595291, "val_mse": 0.013809414580464363}