{"loss": 0.022298665717244148, "mae": 0.10886649042367935, "mse": 0.022298665717244148, "val_loss": 0.003769159084185958, "val_mae": 0.04892837256193161, "val_mse": 0.003769159084185958}