{"loss": 0.024433033540844917, "mae": 0.1127266213297844, "mse": 0.024433033540844917, "val_loss": 0.005571317858994007, "val_mae": 0.05931347981095314, "val_mse": 0.005571317858994007}