{"loss": 0.033847857266664505, "mae": 0.13621720671653748, "mse": 0.033847857266664505, "val_loss": 0.00795883871614933, "val_mae": 0.06739233434200287, "val_mse": 0.00795883871614933}