{"loss": 0.023684833198785782, "mae": 0.11147882044315338, "mse": 0.023684833198785782, "val_loss": 0.004976494703441858, "val_mae": 0.05606573447585106, "val_mse": 0.004976494703441858}