{"loss": 0.02266710437834263, "mae": 0.10943062603473663, "mse": 0.02266710437834263, "val_loss": 0.004294475074857473, "val_mae": 0.05058448016643524, "val_mse": 0.004294475074857473}