{"loss": 0.02227954939007759, "mae": 0.10878335684537888, "mse": 0.02227954939007759, "val_loss": 0.003517553908750415, "val_mae": 0.04644704610109329, "val_mse": 0.003517553908750415}