{"loss": 0.02593200094997883, "mae": 0.11785013228654861, "mse": 0.02593200094997883, "val_loss": 0.005196650046855211, "val_mae": 0.05737799406051636, "val_mse": 0.005196650046855211}