{"loss": 0.023525584489107132, "mae": 0.11083627492189407, "mse": 0.023525584489107132, "val_loss": 0.005753707606345415, "val_mae": 0.05795169621706009, "val_mse": 0.005753707606345415}