{"loss": 0.027244897559285164, "mae": 0.12051766365766525, "mse": 0.027244897559285164, "val_loss": 0.007227141410112381, "val_mae": 0.0670931339263916, "val_mse": 0.007227141410112381}