{"loss": 0.021911678835749626, "mae": 0.10816176235675812, "mse": 0.021911678835749626, "val_loss": 0.0038084567058831453, "val_mae": 0.04796750470995903, "val_mse": 0.0038084567058831453}