{"loss": 0.02689644880592823, "mae": 0.11945495009422302, "mse": 0.02689644880592823, "val_loss": 0.005708766635507345, "val_mae": 0.05915350466966629, "val_mse": 0.005708766635507345}