{"loss": 0.021999945864081383, "mae": 0.1074625626206398, "mse": 0.021999945864081383, "val_loss": 0.004238354042172432, "val_mae": 0.052798766642808914, "val_mse": 0.004238354042172432}