{"loss": 0.021817388013005257, "mae": 0.10741964727640152, "mse": 0.021817388013005257, "val_loss": 0.003933134954422712, "val_mae": 0.049236394464969635, "val_mse": 0.003933134954422712}