{"loss": 0.030077140778303146, "mae": 0.12739041447639465, "mse": 0.030077140778303146, "val_loss": 0.01107013039290905, "val_mae": 0.08059578388929367, "val_mse": 0.01107013039290905}