{"loss": 0.021797558292746544, "mae": 0.1073823794722557, "mse": 0.021797558292746544, "val_loss": 0.0048294574953615665, "val_mae": 0.052612561732530594, "val_mse": 0.0048294574953615665}