{"loss": 0.027411431074142456, "mae": 0.12088191509246826, "mse": 0.027411431074142456, "val_loss": 0.006791071500629187, "val_mae": 0.061582013964653015, "val_mse": 0.006791071500629187}