{"loss": 0.02170495130121708, "mae": 0.10718563199043274, "mse": 0.02170495130121708, "val_loss": 0.003343332791700959, "val_mae": 0.04543859511613846, "val_mse": 0.003343332791700959}