{"loss": 0.022238820791244507, "mae": 0.10825272649526596, "mse": 0.022238820791244507, "val_loss": 0.003698787186294794, "val_mae": 0.04891504347324371, "val_mse": 0.003698787186294794}