{"loss": 0.022491542622447014, "mae": 0.10920719802379608, "mse": 0.022491542622447014, "val_loss": 0.005824845749884844, "val_mae": 0.060043130069971085, "val_mse": 0.005824845749884844}