{"loss": 0.02139599248766899, "mae": 0.10666532814502716, "mse": 0.02139599248766899, "val_loss": 0.0030721216462552547, "val_mae": 0.04367132484912872, "val_mse": 0.0030721216462552547}