{"loss": 0.022341858595609665, "mae": 0.10851377248764038, "mse": 0.022341858595609665, "val_loss": 0.004309144336730242, "val_mae": 0.053006384521722794, "val_mse": 0.004309144336730242}