{"epoch": 4, "loss": 0.019945084558052596, "_timestamp": 1725812579.387507, "_runtime": 69.22048687934875, "_step": 5, "accuracy": 0.9852, "_wandb": {"runtime": 69}}