{"loss": 0.020368387922644615, "mae": 0.10034813731908798, "mse": 0.020368387922644615, "val_loss": 0.0035646134056150913, "val_mae": 0.046706102788448334, "val_mse": 0.0035646134056150913}