{"loss": 0.02235519513487816, "mae": 0.1060052290558815, "mse": 0.02235519513487816, "val_loss": 0.0035604306031018496, "val_mae": 0.04563351348042488, "val_mse": 0.0035604306031018496}