{"loss": 0.01983591914176941, "mae": 0.09856153279542923, "mse": 0.01983591914176941, "val_loss": 0.003159588435664773, "val_mae": 0.04443204775452614, "val_mse": 0.003159588435664773}