{"loss": 0.01966753415763378, "mae": 0.0979185625910759, "mse": 0.01966753415763378, "val_loss": 0.002725049154832959, "val_mae": 0.04047767445445061, "val_mse": 0.002725049154832959}