{"loss": 0.021113865077495575, "mae": 0.10269460827112198, "mse": 0.021113865077495575, "val_loss": 0.004642860032618046, "val_mae": 0.05406923592090607, "val_mse": 0.004642860032618046}