{"loss": 0.02310246042907238, "mae": 0.10883276164531708, "mse": 0.02310246042907238, "val_loss": 0.005129590164870024, "val_mae": 0.05562749132514, "val_mse": 0.005129590164870024}