{"loss": 0.03349420428276062, "mae": 0.1350734382867813, "mse": 0.03349420428276062, "val_loss": 0.011983491480350494, "val_mae": 0.08444207161664963, "val_mse": 0.011983491480350494}