{"loss": 0.019966397434473038, "mae": 0.09910665452480316, "mse": 0.019966397434473038, "val_loss": 0.0027721947990357876, "val_mae": 0.04162231460213661, "val_mse": 0.0027721947990357876}