{"loss": 0.019801491871476173, "mae": 0.09835775196552277, "mse": 0.019801491871476173, "val_loss": 0.0024322092067450285, "val_mae": 0.038313381373882294, "val_mse": 0.0024322092067450285}