{"loss": 0.020101061090826988, "mae": 0.09922071546316147, "mse": 0.020101061090826988, "val_loss": 0.003587234765291214, "val_mae": 0.046643175184726715, "val_mse": 0.003587234765291214}