{"loss": 0.02123335562646389, "mae": 0.10287941992282867, "mse": 0.02123335562646389, "val_loss": 0.0038043197710067034, "val_mae": 0.04745650663971901, "val_mse": 0.0038043197710067034}