{"loss": 0.019637413322925568, "mae": 0.09793951362371445, "mse": 0.019637413322925568, "val_loss": 0.002510316902771592, "val_mae": 0.03914409875869751, "val_mse": 0.002510316902771592}