{"loss": 0.02040410228073597, "mae": 0.10034646093845367, "mse": 0.02040410228073597, "val_loss": 0.002824140014126897, "val_mae": 0.041105128824710846, "val_mse": 0.002824140014126897}