{"loss": 0.020370934158563614, "mae": 0.10015786439180374, "mse": 0.020370934158563614, "val_loss": 0.003575442358851433, "val_mae": 0.04596268758177757, "val_mse": 0.003575442358851433}