{"loss": 0.020090514793992043, "mae": 0.09941785782575607, "mse": 0.020090514793992043, "val_loss": 0.0031128693372011185, "val_mae": 0.043702028691768646, "val_mse": 0.0031128693372011185}