{"loss": 0.073137067258358, "mae": 0.20222142338752747, "mse": 0.073137067258358, "val_loss": 0.015734625980257988, "val_mae": 0.0890066996216774, "val_mse": 0.015734625980257988}