{"loss": 0.021378280594944954, "mae": 0.1028393879532814, "mse": 0.021378280594944954, "val_loss": 0.0037851002998650074, "val_mae": 0.04807829111814499, "val_mse": 0.0037851002998650074}