{"loss": 0.02030937559902668, "mae": 0.09943419694900513, "mse": 0.02030937559902668, "val_loss": 0.004198463633656502, "val_mae": 0.047093626111745834, "val_mse": 0.004198463633656502}