{"loss": 0.020102811977267265, "mae": 0.09904853999614716, "mse": 0.020102811977267265, "val_loss": 0.0034174087923020124, "val_mae": 0.046101175248622894, "val_mse": 0.0034174087923020124}