{"loss": 0.020784277468919754, "mae": 0.10122296214103699, "mse": 0.020784277468919754, "val_loss": 0.003368368837982416, "val_mae": 0.04541321471333504, "val_mse": 0.003368368837982416}