{"loss": 0.021386990323662758, "mae": 0.10297144949436188, "mse": 0.021386990323662758, "val_loss": 0.0037823787424713373, "val_mae": 0.04745260626077652, "val_mse": 0.0037823787424713373}