{"loss": 0.023251397535204887, "mae": 0.10866367816925049, "mse": 0.023251397535204887, "val_loss": 0.0037257259245961905, "val_mae": 0.046344093978405, "val_mse": 0.0037257259245961905}