{"loss": 0.02008008398115635, "mae": 0.09926781058311462, "mse": 0.02008008398115635, "val_loss": 0.0023084080312401056, "val_mae": 0.03713320195674896, "val_mse": 0.0023084080312401056}