{"loss": 0.02062363736331463, "mae": 0.10156884044408798, "mse": 0.02062363736331463, "val_loss": 0.003740913700312376, "val_mae": 0.04803573712706566, "val_mse": 0.003740913700312376}