{"loss": 0.024377169087529182, "mae": 0.11235029995441437, "mse": 0.024377169087529182, "val_loss": 0.004605289548635483, "val_mae": 0.051811639219522476, "val_mse": 0.004605289548635483}