{"loss": 0.02050580456852913, "mae": 0.10036217421293259, "mse": 0.02050580456852913, "val_loss": 0.0031333891674876213, "val_mae": 0.04426691308617592, "val_mse": 0.0031333891674876213}