{"loss": 0.021940603852272034, "mae": 0.10521301627159119, "mse": 0.021940603852272034, "val_loss": 0.004102842416614294, "val_mae": 0.05030311644077301, "val_mse": 0.004102842416614294}