{"loss": 0.020491288974881172, "mae": 0.10021695494651794, "mse": 0.020491288974881172, "val_loss": 0.0032263989560306072, "val_mae": 0.045026995241642, "val_mse": 0.0032263989560306072}