{"loss": 0.020318368449807167, "mae": 0.09964273124933243, "mse": 0.020318368449807167, "val_loss": 0.0030231077689677477, "val_mae": 0.0428619422018528, "val_mse": 0.0030231077689677477}