{"loss": 0.020609082654118538, "mae": 0.10139305144548416, "mse": 0.020609082654118538, "val_loss": 0.00392678240314126, "val_mae": 0.04976819083094597, "val_mse": 0.00392678240314126}