{"loss": 0.02006172388792038, "mae": 0.0994168370962143, "mse": 0.02006172388792038, "val_loss": 0.00325198145583272, "val_mae": 0.04516260325908661, "val_mse": 0.00325198145583272}