{"loss": 0.022191355004906654, "mae": 0.10621419548988342, "mse": 0.022191355004906654, "val_loss": 0.003410026663914323, "val_mae": 0.04516924172639847, "val_mse": 0.003410026663914323}