{"loss": 0.0199278537184, "mae": 0.09864971786737442, "mse": 0.0199278537184, "val_loss": 0.00281290034763515, "val_mae": 0.04117807373404503, "val_mse": 0.00281290034763515}