{"loss": 0.02194526419043541, "mae": 0.10486237704753876, "mse": 0.02194526419043541, "val_loss": 0.0035707270726561546, "val_mae": 0.04616028442978859, "val_mse": 0.0035707270726561546}