{"loss": 0.02043886110186577, "mae": 0.10046276450157166, "mse": 0.02043886110186577, "val_loss": 0.003047822043299675, "val_mae": 0.043351128697395325, "val_mse": 0.003047822043299675}