{"loss": 0.020933758467435837, "mae": 0.10172984004020691, "mse": 0.020933758467435837, "val_loss": 0.0032462868839502335, "val_mae": 0.043144356459379196, "val_mse": 0.0032462868839502335}