{"loss": 0.02638760581612587, "mae": 0.11815737187862396, "mse": 0.02638760581612587, "val_loss": 0.008052733726799488, "val_mae": 0.06392817199230194, "val_mse": 0.008052733726799488}