{"loss": 0.020565051585435867, "mae": 0.10061470419168472, "mse": 0.020565051585435867, "val_loss": 0.002717077499255538, "val_mae": 0.04040910303592682, "val_mse": 0.002717077499255538}