{"loss": 0.020802317187190056, "mae": 0.10153765976428986, "mse": 0.020802317187190056, "val_loss": 0.00307867000810802, "val_mae": 0.04247356951236725, "val_mse": 0.00307867000810802}