{"loss": 0.02451559528708458, "mae": 0.11327490955591202, "mse": 0.02451559528708458, "val_loss": 0.005797100253403187, "val_mae": 0.056272704154253006, "val_mse": 0.005797100253403187}