{"loss": 0.02053883485496044, "mae": 0.10062829405069351, "mse": 0.02053883485496044, "val_loss": 0.0032879235222935677, "val_mae": 0.04499700292944908, "val_mse": 0.0032879235222935677}