{"loss": 0.020094357430934906, "mae": 0.09910571575164795, "mse": 0.020094357430934906, "val_loss": 0.002367983805015683, "val_mae": 0.0384860634803772, "val_mse": 0.002367983805015683}