{"loss": 0.021963074803352356, "mae": 0.1045079156756401, "mse": 0.021963074803352356, "val_loss": 0.004480175673961639, "val_mae": 0.05246952548623085, "val_mse": 0.004480175673961639}