{"loss": 0.019958289340138435, "mae": 0.09878522902727127, "mse": 0.019958289340138435, "val_loss": 0.0031486735679209232, "val_mae": 0.044377293437719345, "val_mse": 0.0031486735679209232}