{"loss": 0.02017926797270775, "mae": 0.09953723102807999, "mse": 0.02017926797270775, "val_loss": 0.00397054897621274, "val_mae": 0.04652182012796402, "val_mse": 0.00397054897621274}