{"loss": 0.028330335393548012, "mae": 0.1233934760093689, "mse": 0.028330335393548012, "val_loss": 0.006485009100288153, "val_mae": 0.06117764115333557, "val_mse": 0.006485009100288153}