{"loss": 0.013486786745488644, "mae": 0.08197111636400223, "mse": 0.013486786745488644, "val_loss": 0.0017466091085225344, "val_mae": 0.03234165161848068, "val_mse": 0.0017466091085225344}