{"loss": 0.013727969489991665, "mae": 0.08275849372148514, "mse": 0.013727969489991665, "val_loss": 0.0017337985336780548, "val_mae": 0.0327066145837307, "val_mse": 0.0017337985336780548}