{"loss": 0.013983317650854588, "mae": 0.08415393531322479, "mse": 0.013983317650854588, "val_loss": 0.0019171054009348154, "val_mae": 0.03389335796236992, "val_mse": 0.0019171054009348154}