{"loss": 0.01315330807119608, "mae": 0.08097006380558014, "mse": 0.01315330807119608, "val_loss": 0.0014615115942433476, "val_mae": 0.03043818473815918, "val_mse": 0.0014615115942433476}