{"loss": 0.014412691816687584, "mae": 0.08590191602706909, "mse": 0.014412691816687584, "val_loss": 0.0030416587833315134, "val_mae": 0.04374644160270691, "val_mse": 0.0030416587833315134}