{"loss": 0.026752548292279243, "mae": 0.11946524679660797, "mse": 0.026752548292279243, "val_loss": 0.006420155521482229, "val_mae": 0.05685706436634064, "val_mse": 0.006420155521482229}