{"loss": 0.020631328225135803, "mae": 0.104983389377594, "mse": 0.020631328225135803, "val_loss": 0.004657792393118143, "val_mae": 0.04901841655373573, "val_mse": 0.004657792393118143}