{"loss": 0.01323644258081913, "mae": 0.0810500979423523, "mse": 0.01323644258081913, "val_loss": 0.001663371454924345, "val_mae": 0.03231247887015343, "val_mse": 0.001663371454924345}