{"loss": 0.014790465123951435, "mae": 0.08711279928684235, "mse": 0.014790465123951435, "val_loss": 0.002423765603452921, "val_mae": 0.03852863609790802, "val_mse": 0.002423765603452921}