{"loss": 0.013182312250137329, "mae": 0.08077876269817352, "mse": 0.013182312250137329, "val_loss": 0.0016037040622904897, "val_mae": 0.031378328800201416, "val_mse": 0.0016037040622904897}