{"loss": 0.013701136223971844, "mae": 0.08287032693624496, "mse": 0.013701136223971844, "val_loss": 0.0016059450572356582, "val_mae": 0.03157150745391846, "val_mse": 0.0016059450572356582}