{"loss": 0.016506502404808998, "mae": 0.09306814521551132, "mse": 0.016506502404808998, "val_loss": 0.0033521319273859262, "val_mae": 0.04322550445795059, "val_mse": 0.0033521319273859262}