{"loss": 0.013060161843895912, "mae": 0.08065834641456604, "mse": 0.013060161843895912, "val_loss": 0.0017609338974580169, "val_mae": 0.03353617340326309, "val_mse": 0.0017609338974580169}