{"loss": 0.014060243964195251, "mae": 0.08454717695713043, "mse": 0.014060243964195251, "val_loss": 0.00186351896263659, "val_mae": 0.03351166471838951, "val_mse": 0.00186351896263659}