{"loss": 0.01342540793120861, "mae": 0.08206933736801147, "mse": 0.01342540793120861, "val_loss": 0.001904608914628625, "val_mae": 0.03478199616074562, "val_mse": 0.001904608914628625}