{"loss": 0.01299983449280262, "mae": 0.08021295815706253, "mse": 0.01299983449280262, "val_loss": 0.0014764348743483424, "val_mae": 0.03035230189561844, "val_mse": 0.0014764348743483424}