{"loss": 0.015229135751724243, "mae": 0.08873838931322098, "mse": 0.015229135751724243, "val_loss": 0.0021763707045465708, "val_mae": 0.03576941415667534, "val_mse": 0.0021763707045465708}