{"loss": 0.01625964418053627, "mae": 0.09219153225421906, "mse": 0.01625964418053627, "val_loss": 0.0025441711768507957, "val_mae": 0.0382208526134491, "val_mse": 0.0025441711768507957}