{"loss": 0.013460925780236721, "mae": 0.08177176117897034, "mse": 0.013460925780236721, "val_loss": 0.0019609860610216856, "val_mae": 0.03487681224942207, "val_mse": 0.0019609860610216856}