{"loss": 0.01461018156260252, "mae": 0.08653101325035095, "mse": 0.01461018156260252, "val_loss": 0.002496021334081888, "val_mae": 0.039149798452854156, "val_mse": 0.002496021334081888}