{"loss": 0.018015440553426743, "mae": 0.09828788042068481, "mse": 0.018015440553426743, "val_loss": 0.003717700717970729, "val_mae": 0.04505382850766182, "val_mse": 0.003717700717970729}