{"loss": 0.013501668348908424, "mae": 0.0823187604546547, "mse": 0.013501668348908424, "val_loss": 0.0016458104364573956, "val_mae": 0.03238246962428093, "val_mse": 0.0016458104364573956}