{"loss": 0.017658568918704987, "mae": 0.0963297188282013, "mse": 0.017658568918704987, "val_loss": 0.0033085839822888374, "val_mae": 0.04428724944591522, "val_mse": 0.0033085839822888374}