{"loss": 0.01372551079839468, "mae": 0.08305294811725616, "mse": 0.01372551079839468, "val_loss": 0.0020065768621861935, "val_mae": 0.035974208265542984, "val_mse": 0.0020065768621861935}