{"loss": 0.013176832348108292, "mae": 0.08127757161855698, "mse": 0.013176832348108292, "val_loss": 0.0019704955630004406, "val_mae": 0.03530435636639595, "val_mse": 0.0019704955630004406}