{"loss": 0.013841749168932438, "mae": 0.08335135132074356, "mse": 0.013841749168932438, "val_loss": 0.0019235078943893313, "val_mae": 0.03374326229095459, "val_mse": 0.0019235078943893313}