{"loss": 0.013299270533025265, "mae": 0.08140275627374649, "mse": 0.013299270533025265, "val_loss": 0.0015266408445313573, "val_mae": 0.030293310061097145, "val_mse": 0.0015266408445313573}