{"loss": 0.014377391897141933, "mae": 0.08560279756784439, "mse": 0.014377391897141933, "val_loss": 0.002351675182580948, "val_mae": 0.03845299780368805, "val_mse": 0.002351675182580948}