{"loss": 0.014180037193000317, "mae": 0.08477181196212769, "mse": 0.014180037193000317, "val_loss": 0.0018859503325074911, "val_mae": 0.03325461968779564, "val_mse": 0.0018859503325074911}