{"loss": 0.013317707926034927, "mae": 0.08151877671480179, "mse": 0.013317707926034927, "val_loss": 0.0020692492835223675, "val_mae": 0.03484024852514267, "val_mse": 0.0020692492835223675}