{"loss": 0.013316846452653408, "mae": 0.08150901645421982, "mse": 0.013316846452653408, "val_loss": 0.001553832204081118, "val_mae": 0.031675711274147034, "val_mse": 0.001553832204081118}