{"loss": 0.014740237966179848, "mae": 0.08637198060750961, "mse": 0.014740237966179848, "val_loss": 0.004399665631353855, "val_mae": 0.04536805674433708, "val_mse": 0.004399665631353855}