{"loss": 0.013902068138122559, "mae": 0.08404660224914551, "mse": 0.013902068138122559, "val_loss": 0.0021510773804038763, "val_mae": 0.03650681674480438, "val_mse": 0.0021510773804038763}