{"loss": 0.013623344711959362, "mae": 0.08271903544664383, "mse": 0.013623344711959362, "val_loss": 0.0018572796834632754, "val_mae": 0.03377951309084892, "val_mse": 0.0018572796834632754}