{"loss": 0.013931907713413239, "mae": 0.08381776511669159, "mse": 0.013931907713413239, "val_loss": 0.0020855905022472143, "val_mae": 0.03627653047442436, "val_mse": 0.0020855905022472143}