{"loss": 0.013649138621985912, "mae": 0.08268797397613525, "mse": 0.013649138621985912, "val_loss": 0.0022608228027820587, "val_mae": 0.03767947852611542, "val_mse": 0.0022608228027820587}