{"loss": 0.013388389721512794, "mae": 0.08176340907812119, "mse": 0.013388389721512794, "val_loss": 0.002503578783944249, "val_mae": 0.03811640292406082, "val_mse": 0.002503578783944249}