{"loss": 0.013258934020996094, "mae": 0.08106347918510437, "mse": 0.013258934020996094, "val_loss": 0.0013609533198177814, "val_mae": 0.02938809059560299, "val_mse": 0.0013609533198177814}