{"loss": 0.013032111339271069, "mae": 0.08045969158411026, "mse": 0.013032111339271069, "val_loss": 0.00167935062199831, "val_mae": 0.03267144784331322, "val_mse": 0.00167935062199831}