{"loss": 0.01314588263630867, "mae": 0.08086947351694107, "mse": 0.01314588263630867, "val_loss": 0.0018120466265827417, "val_mae": 0.03328278288245201, "val_mse": 0.0018120466265827417}