{"loss": 0.07170045375823975, "mae": 0.1945572793483734, "mse": 0.07170045375823975, "val_loss": 0.015628647059202194, "val_mae": 0.08923928439617157, "val_mse": 0.015628647059202194}