{"loss": 0.014086582697927952, "mae": 0.08416922390460968, "mse": 0.014086582697927952, "val_loss": 0.0023409975692629814, "val_mae": 0.03870518133044243, "val_mse": 0.0023409975692629814}