{"loss": 0.014982207678258419, "mae": 0.08789362758398056, "mse": 0.014982207678258419, "val_loss": 0.002323720371350646, "val_mae": 0.0371452234685421, "val_mse": 0.002323720371350646}