{"loss": 0.013615090399980545, "mae": 0.08242709934711456, "mse": 0.013615090399980545, "val_loss": 0.0016765083419159055, "val_mae": 0.03298035264015198, "val_mse": 0.0016765083419159055}