{"loss": 0.013273300603032112, "mae": 0.08127371221780777, "mse": 0.013273300603032112, "val_loss": 0.0014240015298128128, "val_mae": 0.029736880213022232, "val_mse": 0.0014240015298128128}