{"loss": 0.014292550273239613, "mae": 0.08559352904558182, "mse": 0.014292550273239613, "val_loss": 0.0023162912111729383, "val_mae": 0.038485895842313766, "val_mse": 0.0023162912111729383}