{"loss": 0.013220364227890968, "mae": 0.0810978040099144, "mse": 0.013220364227890968, "val_loss": 0.0018265481339767575, "val_mae": 0.034328676760196686, "val_mse": 0.0018265481339767575}