{"loss": 0.013338614255189896, "mae": 0.08170321583747864, "mse": 0.013338614255189896, "val_loss": 0.0019123691599816084, "val_mae": 0.034073833376169205, "val_mse": 0.0019123691599816084}