{"loss": 0.013192147947847843, "mae": 0.08126145601272583, "mse": 0.013192147947847843, "val_loss": 0.001910291612148285, "val_mae": 0.03458674997091293, "val_mse": 0.001910291612148285}