{"loss": 0.013831456191837788, "mae": 0.08349883556365967, "mse": 0.013831456191837788, "val_loss": 0.0016420542960986495, "val_mae": 0.03227470442652702, "val_mse": 0.0016420542960986495}