{"loss": 0.014076580293476582, "mae": 0.08434519916772842, "mse": 0.014076580293476582, "val_loss": 0.0019193022744730115, "val_mae": 0.03401099145412445, "val_mse": 0.0019193022744730115}