{"loss": 0.013222118839621544, "mae": 0.08113788813352585, "mse": 0.013222118839621544, "val_loss": 0.0013476447202265263, "val_mae": 0.02875160053372383, "val_mse": 0.0013476447202265263}