{"loss": 0.013838258571922779, "mae": 0.08320364356040955, "mse": 0.013838258571922779, "val_loss": 0.0019577443599700928, "val_mae": 0.03481211140751839, "val_mse": 0.0019577443599700928}