{"loss": 0.013184668496251106, "mae": 0.0811108946800232, "mse": 0.013184668496251106, "val_loss": 0.001876756316050887, "val_mae": 0.03436683490872383, "val_mse": 0.001876756316050887}