{"loss": 0.015692459419369698, "mae": 0.0904482752084732, "mse": 0.015692459419369698, "val_loss": 0.00275814114138484, "val_mae": 0.04052097350358963, "val_mse": 0.00275814114138484}