{"loss": 0.012995720840990543, "mae": 0.08025127649307251, "mse": 0.012995720840990543, "val_loss": 0.001371597871184349, "val_mae": 0.029246950522065163, "val_mse": 0.001371597871184349}