{"loss": 0.015482260845601559, "mae": 0.08965719491243362, "mse": 0.015482260845601559, "val_loss": 0.0029725655913352966, "val_mae": 0.04252929985523224, "val_mse": 0.0029725655913352966}