{"loss": 0.014929353259503841, "mae": 0.08778680115938187, "mse": 0.014929353259503841, "val_loss": 0.00250039529055357, "val_mae": 0.037845320999622345, "val_mse": 0.00250039529055357}