{"loss": 0.01343072485178709, "mae": 0.0818929672241211, "mse": 0.01343072485178709, "val_loss": 0.001938885310664773, "val_mae": 0.034979309886693954, "val_mse": 0.001938885310664773}