{"loss": 0.01425660215318203, "mae": 0.08510644733905792, "mse": 0.01425660215318203, "val_loss": 0.0017624362371861935, "val_mae": 0.0325644314289093, "val_mse": 0.0017624362371861935}