{"loss": 0.013357027433812618, "mae": 0.08197417110204697, "mse": 0.013357027433812618, "val_loss": 0.0016270005144178867, "val_mae": 0.03218335285782814, "val_mse": 0.0016270005144178867}