{"loss": 0.013193010352551937, "mae": 0.08093255758285522, "mse": 0.013193010352551937, "val_loss": 0.0015585209475830197, "val_mae": 0.03174906224012375, "val_mse": 0.0015585209475830197}