{"loss": 0.013305201195180416, "mae": 0.08159157633781433, "mse": 0.013305201195180416, "val_loss": 0.0019222546834498644, "val_mae": 0.035005487501621246, "val_mse": 0.0019222546834498644}