{"loss": 0.013487196527421474, "mae": 0.08193466812372208, "mse": 0.013487196527421474, "val_loss": 0.0014272751286625862, "val_mae": 0.03032080829143524, "val_mse": 0.0014272751286625862}