{"loss": 0.013015372678637505, "mae": 0.08056556433439255, "mse": 0.013015372678637505, "val_loss": 0.0015310348244383931, "val_mae": 0.03126279264688492, "val_mse": 0.0015310348244383931}