{"loss": 0.013611442409455776, "mae": 0.08258003741502762, "mse": 0.013611442409455776, "val_loss": 0.0020163748413324356, "val_mae": 0.034529056400060654, "val_mse": 0.0020163748413324356}