{"loss": 0.007452797144651413, "mae": 0.06225475296378136, "mse": 0.007452797144651413, "val_loss": 0.0011421864619478583, "val_mae": 0.025760704651474953, "val_mse": 0.0011421864619478583}