{"loss": 0.006448775064200163, "mae": 0.057641319930553436, "mse": 0.006448775064200163, "val_loss": 0.0006806776509620249, "val_mae": 0.019763385877013206, "val_mse": 0.0006806776509620249}