{"loss": 0.006540889851748943, "mae": 0.058224212378263474, "mse": 0.006540889851748943, "val_loss": 0.000687807856593281, "val_mae": 0.019355978816747665, "val_mse": 0.000687807856593281}