{"loss": 0.006425374653190374, "mae": 0.05750921741127968, "mse": 0.006425374653190374, "val_loss": 0.0006496484274975955, "val_mae": 0.019699839875102043, "val_mse": 0.0006496484274975955}