{"loss": 0.010092107579112053, "mae": 0.07334177196025848, "mse": 0.010092107579112053, "val_loss": 0.002251732861623168, "val_mae": 0.03572333604097366, "val_mse": 0.002251732861623168}