{"loss": 0.00726949842646718, "mae": 0.061567723751068115, "mse": 0.00726949842646718, "val_loss": 0.001024430152028799, "val_mae": 0.023961925879120827, "val_mse": 0.001024430152028799}