{"loss": 0.006368664558976889, "mae": 0.05731085687875748, "mse": 0.006368664558976889, "val_loss": 0.0005347772384993732, "val_mae": 0.016958244144916534, "val_mse": 0.0005347772384993732}