{"loss": 0.006452863570302725, "mae": 0.05774574726819992, "mse": 0.006452863570302725, "val_loss": 0.0009579222532920539, "val_mae": 0.024289408698678017, "val_mse": 0.0009579222532920539}