{"loss": 0.006497644353657961, "mae": 0.05800001695752144, "mse": 0.006497644353657961, "val_loss": 0.0006390992784872651, "val_mae": 0.018984101712703705, "val_mse": 0.0006390992784872651}