{"loss": 0.006641993299126625, "mae": 0.0585266575217247, "mse": 0.006641993299126625, "val_loss": 0.0007177465595304966, "val_mae": 0.020225081592798233, "val_mse": 0.0007177465595304966}