{"loss": 0.0064787729643285275, "mae": 0.05770140513777733, "mse": 0.0064787729643285275, "val_loss": 0.0006048721843399107, "val_mae": 0.01881776563823223, "val_mse": 0.0006048721843399107}