{"loss": 0.006434539798647165, "mae": 0.05759293586015701, "mse": 0.006434539798647165, "val_loss": 0.0005994084640406072, "val_mae": 0.018572185188531876, "val_mse": 0.0005994084640406072}