{"loss": 0.006488258019089699, "mae": 0.057899992913007736, "mse": 0.006488258019089699, "val_loss": 0.0005844943225383759, "val_mae": 0.017372464761137962, "val_mse": 0.0005844943225383759}