{"loss": 0.006563869770616293, "mae": 0.058152131736278534, "mse": 0.006563869770616293, "val_loss": 0.0008160705910995603, "val_mae": 0.021813545376062393, "val_mse": 0.0008160705910995603}