{"loss": 0.006315174512565136, "mae": 0.057064760476350784, "mse": 0.006315174512565136, "val_loss": 0.0006714847404509783, "val_mae": 0.020194221287965775, "val_mse": 0.0006714847404509783}