{"loss": 0.006621364504098892, "mae": 0.058563921600580215, "mse": 0.006621364504098892, "val_loss": 0.000742083415389061, "val_mae": 0.021036293357610703, "val_mse": 0.000742083415389061}