{"loss": 0.006714856252074242, "mae": 0.05899522453546524, "mse": 0.006714856252074242, "val_loss": 0.0008898040396161377, "val_mae": 0.02160757966339588, "val_mse": 0.0008898040396161377}