{"loss": 0.006790843326598406, "mae": 0.059217799454927444, "mse": 0.006790843326598406, "val_loss": 0.0009686127305030823, "val_mae": 0.023725489154458046, "val_mse": 0.0009686127305030823}