{"loss": 0.008134153671562672, "mae": 0.06550183147192001, "mse": 0.008134153671562672, "val_loss": 0.0018060425063595176, "val_mae": 0.032389380037784576, "val_mse": 0.0018060425063595176}