{"loss": 0.006494773086160421, "mae": 0.05771379545331001, "mse": 0.006494773086160421, "val_loss": 0.000746829085983336, "val_mae": 0.019728155806660652, "val_mse": 0.000746829085983336}