{"loss": 0.0064117261208593845, "mae": 0.057504672557115555, "mse": 0.0064117261208593845, "val_loss": 0.000710750522557646, "val_mae": 0.02040056139230728, "val_mse": 0.000710750522557646}