{"loss": 0.009037628769874573, "mae": 0.0690646544098854, "mse": 0.009037628769874573, "val_loss": 0.0022282316349446774, "val_mae": 0.03489210829138756, "val_mse": 0.0022282316349446774}