{"loss": 0.0066559454426169395, "mae": 0.05867372080683708, "mse": 0.0066559454426169395, "val_loss": 0.0009387980098836124, "val_mae": 0.02346707507967949, "val_mse": 0.0009387980098836124}