{"loss": 0.006680128164589405, "mae": 0.05877470225095749, "mse": 0.006680128164589405, "val_loss": 0.0007597338408231735, "val_mae": 0.021071400493383408, "val_mse": 0.0007597338408231735}