{"loss": 0.007044168654829264, "mae": 0.06047263741493225, "mse": 0.007044168654829264, "val_loss": 0.0009092228719964623, "val_mae": 0.022363176569342613, "val_mse": 0.0009092228719964623}