{"loss": 0.006448965985327959, "mae": 0.057684969156980515, "mse": 0.006448965985327959, "val_loss": 0.000672157621011138, "val_mae": 0.019879311323165894, "val_mse": 0.000672157621011138}