{"loss": 0.008471593260765076, "mae": 0.06696149706840515, "mse": 0.008471593260765076, "val_loss": 0.0016421506879851222, "val_mae": 0.029207900166511536, "val_mse": 0.0016421506879851222}