{"loss": 0.006373635493218899, "mae": 0.05729290097951889, "mse": 0.006373635493218899, "val_loss": 0.000556080718524754, "val_mae": 0.017223257571458817, "val_mse": 0.000556080718524754}