{"loss": 0.006375165190547705, "mae": 0.05737568810582161, "mse": 0.006375165190547705, "val_loss": 0.000617901561781764, "val_mae": 0.018563400954008102, "val_mse": 0.000617901561781764}