{"loss": 0.006708124186843634, "mae": 0.05895504355430603, "mse": 0.006708124186843634, "val_loss": 0.0009382275748066604, "val_mae": 0.023253250867128372, "val_mse": 0.0009382275748066604}