{"loss": 0.006621337495744228, "mae": 0.058595336973667145, "mse": 0.006621337495744228, "val_loss": 0.0007339335279539227, "val_mae": 0.020142115652561188, "val_mse": 0.0007339335279539227}