{"loss": 0.007862147875130177, "mae": 0.0642470046877861, "mse": 0.007862147875130177, "val_loss": 0.0013362584868445992, "val_mae": 0.027108194306492805, "val_mse": 0.0013362584868445992}