{"loss": 0.006961173377931118, "mae": 0.06010020524263382, "mse": 0.006961173377931118, "val_loss": 0.0008557032560929656, "val_mae": 0.021919919177889824, "val_mse": 0.0008557032560929656}