{"loss": 0.006743102800101042, "mae": 0.05909636244177818, "mse": 0.006743102800101042, "val_loss": 0.000859560037497431, "val_mae": 0.022657811641693115, "val_mse": 0.000859560037497431}