{"loss": 0.0066345371305942535, "mae": 0.058523617684841156, "mse": 0.0066345371305942535, "val_loss": 0.0007921362412162125, "val_mae": 0.022096244618296623, "val_mse": 0.0007921362412162125}