{"loss": 0.006576820742338896, "mae": 0.05825744569301605, "mse": 0.006576820742338896, "val_loss": 0.0008066539303399622, "val_mae": 0.022061390802264214, "val_mse": 0.0008066539303399622}