{"loss": 0.006826797965914011, "mae": 0.059579167515039444, "mse": 0.006826797965914011, "val_loss": 0.001046644290909171, "val_mae": 0.02497696503996849, "val_mse": 0.001046644290909171}