{"loss": 0.045731231570243835, "mae": 0.151725172996521, "mse": 0.045731231570243835, "val_loss": 0.005745170172303915, "val_mae": 0.054105453193187714, "val_mse": 0.005745170172303915}