{"loss": 0.006774588022381067, "mae": 0.059352144598960876, "mse": 0.006774588022381067, "val_loss": 0.0008727467502467334, "val_mae": 0.022778917104005814, "val_mse": 0.0008727467502467334}