{"loss": 0.007742272689938545, "mae": 0.06368903815746307, "mse": 0.007742272689938545, "val_loss": 0.0014838115312159061, "val_mae": 0.030128106474876404, "val_mse": 0.0014838115312159061}