{"loss": 0.006868109572678804, "mae": 0.059586331248283386, "mse": 0.006868109572678804, "val_loss": 0.0008199238800443709, "val_mae": 0.021554315462708473, "val_mse": 0.0008199238800443709}