{"loss": 0.006408738438040018, "mae": 0.057477761059999466, "mse": 0.006408738438040018, "val_loss": 0.0006460847216658294, "val_mae": 0.019494006410241127, "val_mse": 0.0006460847216658294}