{"loss": 0.006476164795458317, "mae": 0.05773527920246124, "mse": 0.006476164795458317, "val_loss": 0.0005830266163684428, "val_mae": 0.0179936233907938, "val_mse": 0.0005830266163684428}