{"loss": 0.007480480708181858, "mae": 0.06248672306537628, "mse": 0.007480480708181858, "val_loss": 0.0010882278438657522, "val_mae": 0.024573637172579765, "val_mse": 0.0010882278438657522}