{"loss": 0.007187243551015854, "mae": 0.06121959909796715, "mse": 0.007187243551015854, "val_loss": 0.0009994612773880363, "val_mae": 0.024416707456111908, "val_mse": 0.0009994612773880363}