{"loss": 0.006363313179463148, "mae": 0.0570685975253582, "mse": 0.006363313179463148, "val_loss": 0.0006215855828486383, "val_mae": 0.01917228102684021, "val_mse": 0.0006215855828486383}