{"loss": 0.006570619530975819, "mae": 0.05814030393958092, "mse": 0.006570619530975819, "val_loss": 0.0007738372078165412, "val_mae": 0.021181030198931694, "val_mse": 0.0007738372078165412}