{"loss": 0.006621046923100948, "mae": 0.05847291275858879, "mse": 0.006621046923100948, "val_loss": 0.0008007901487872005, "val_mae": 0.02225523628294468, "val_mse": 0.0008007901487872005}