{"loss": 0.007539430633187294, "mae": 0.06286990642547607, "mse": 0.007539430633187294, "val_loss": 0.001166889094747603, "val_mae": 0.0262399110943079, "val_mse": 0.001166889094747603}