{"loss": 0.007331607863306999, "mae": 0.06181325018405914, "mse": 0.007331607863306999, "val_loss": 0.0010005338117480278, "val_mae": 0.023303920403122902, "val_mse": 0.0010005338117480278}