{"loss": 0.006429634056985378, "mae": 0.05751626566052437, "mse": 0.006429634056985378, "val_loss": 0.0006339088431559503, "val_mae": 0.019389111548662186, "val_mse": 0.0006339088431559503}