{"loss": 0.006509404629468918, "mae": 0.057945359498262405, "mse": 0.006509404629468918, "val_loss": 0.0007530699367634952, "val_mae": 0.020086443051695824, "val_mse": 0.0007530699367634952}