{"loss": 0.0063633364625275135, "mae": 0.05729158595204353, "mse": 0.0063633364625275135, "val_loss": 0.0006439953576773405, "val_mae": 0.019769791513681412, "val_mse": 0.0006439953576773405}