{"loss": 0.006854786071926355, "mae": 0.059757575392723083, "mse": 0.006854786071926355, "val_loss": 0.0010370046366006136, "val_mae": 0.024323729798197746, "val_mse": 0.0010370046366006136}