{"loss": 0.007058924995362759, "mae": 0.060580942779779434, "mse": 0.007058924995362759, "val_loss": 0.0009866197360679507, "val_mae": 0.02331870049238205, "val_mse": 0.0009866197360679507}