{"loss": 0.006431053392589092, "mae": 0.05745307728648186, "mse": 0.006431053392589092, "val_loss": 0.000617099751252681, "val_mae": 0.019035357981920242, "val_mse": 0.000617099751252681}