{"loss": 0.006458735093474388, "mae": 0.05767322704195976, "mse": 0.006458735093474388, "val_loss": 0.000560579530429095, "val_mae": 0.017795097082853317, "val_mse": 0.000560579530429095}