{"loss": 0.013636637479066849, "mae": 0.08523031324148178, "mse": 0.013636637479066849, "val_loss": 0.0035400933120399714, "val_mae": 0.04270081967115402, "val_mse": 0.0035400933120399714}