{"loss": 0.007028821390122175, "mae": 0.06051604449748993, "mse": 0.007028821390122175, "val_loss": 0.0011244117049500346, "val_mae": 0.02465592510998249, "val_mse": 0.0011244117049500346}