{"loss": 0.007038767449557781, "mae": 0.060630153864622116, "mse": 0.007038767449557781, "val_loss": 0.0010628285817801952, "val_mae": 0.024984633550047874, "val_mse": 0.0010628285817801952}