{"loss": 0.006388399284332991, "mae": 0.05719894543290138, "mse": 0.006388399284332991, "val_loss": 0.0006196401664055884, "val_mae": 0.018773343414068222, "val_mse": 0.0006196401664055884}