{"loss": 0.006939036305993795, "mae": 0.05998280271887779, "mse": 0.006939036305993795, "val_loss": 0.0010717188706621528, "val_mae": 0.025471333414316177, "val_mse": 0.0010717188706621528}