{"loss": 0.014972450211644173, "mae": 0.08838938921689987, "mse": 0.014972450211644173, "val_loss": 0.0022731791250407696, "val_mae": 0.0372687429189682, "val_mse": 0.0022731791250407696}