{"loss": 0.06924374401569366, "mae": 0.19569914042949677, "mse": 0.06924374401569366, "val_loss": 0.015003565698862076, "val_mae": 0.09110356122255325, "val_mse": 0.015003565698862076}