{"loss": 0.018109802156686783, "mae": 0.09890272468328476, "mse": 0.018109802156686783, "val_loss": 0.002586460905149579, "val_mae": 0.03872762992978096, "val_mse": 0.002586460905149579}