{"loss": 0.014402564615011215, "mae": 0.08639800548553467, "mse": 0.014402564615011215, "val_loss": 0.0014294558204710484, "val_mae": 0.029629893600940704, "val_mse": 0.0014294558204710484}