{"loss": 0.014238021336495876, "mae": 0.0854138657450676, "mse": 0.014238021336495876, "val_loss": 0.0022833801340311766, "val_mae": 0.038170672953128815, "val_mse": 0.0022833801340311766}