{"loss": 0.015247914008796215, "mae": 0.08937114477157593, "mse": 0.015247914008796215, "val_loss": 0.0019148995634168386, "val_mae": 0.03429163247346878, "val_mse": 0.0019148995634168386}