{"loss": 0.0272794459015131, "mae": 0.12198596447706223, "mse": 0.0272794459015131, "val_loss": 0.005524599924683571, "val_mae": 0.05708155408501625, "val_mse": 0.005524599924683571}