{"loss": 0.017014535143971443, "mae": 0.09549790620803833, "mse": 0.017014535143971443, "val_loss": 0.0030502842273563147, "val_mae": 0.043470609933137894, "val_mse": 0.0030502842273563147}