{"loss": 0.015269743278622627, "mae": 0.08947358280420303, "mse": 0.015269743278622627, "val_loss": 0.002098686061799526, "val_mae": 0.0363665446639061, "val_mse": 0.002098686061799526}