{"loss": 0.01480533555150032, "mae": 0.08754615485668182, "mse": 0.01480533555150032, "val_loss": 0.0016408410156145692, "val_mae": 0.031979966908693314, "val_mse": 0.0016408410156145692}