{"loss": 0.0162791907787323, "mae": 0.09307242929935455, "mse": 0.0162791907787323, "val_loss": 0.003004285041242838, "val_mae": 0.04392010346055031, "val_mse": 0.003004285041242838}