{"loss": 0.014360065571963787, "mae": 0.08583728224039078, "mse": 0.014360065571963787, "val_loss": 0.0016967609990388155, "val_mae": 0.03317743539810181, "val_mse": 0.0016967609990388155}