{"loss": 0.014696693047881126, "mae": 0.08723462373018265, "mse": 0.014696693047881126, "val_loss": 0.002164721256121993, "val_mae": 0.037538476288318634, "val_mse": 0.002164721256121993}