{"loss": 0.014804148115217686, "mae": 0.0877433568239212, "mse": 0.014804148115217686, "val_loss": 0.0022003240883350372, "val_mae": 0.0374019518494606, "val_mse": 0.0022003240883350372}