{"loss": 0.0206698477268219, "mae": 0.1059734895825386, "mse": 0.0206698477268219, "val_loss": 0.004475364927202463, "val_mae": 0.051224883645772934, "val_mse": 0.004475364927202463}