{"loss": 0.015976784750819206, "mae": 0.09208052605390549, "mse": 0.015976784750819206, "val_loss": 0.002600522246211767, "val_mae": 0.04050301015377045, "val_mse": 0.002600522246211767}