{"loss": 0.014408684335649014, "mae": 0.08624961227178574, "mse": 0.014408684335649014, "val_loss": 0.0017557647079229355, "val_mae": 0.03304451331496239, "val_mse": 0.0017557647079229355}