{"loss": 0.014474359340965748, "mae": 0.08618243783712387, "mse": 0.014474359340965748, "val_loss": 0.0017888350412249565, "val_mae": 0.03391101956367493, "val_mse": 0.0017888350412249565}