{"loss": 0.015588289126753807, "mae": 0.09073534607887268, "mse": 0.015588289126753807, "val_loss": 0.0021682619117200375, "val_mae": 0.03689976781606674, "val_mse": 0.0021682619117200375}