{"epoch": 4, "loss": 0.018795443919928136, "_timestamp": 1725812968.4493814, "_runtime": 73.02964925765991, "_step": 5, "accuracy": 0.9857, "_wandb": {"runtime": 72}}